timestamp,cpu_percent_mean,memory_percent_mean,memory_used_mean,gpu_utilization_mean,gpu_memory_used_mean,gpu_memory_free_mean,gpu_memory_total_mean
2025-03-19 14:23:53,0.0,27.899999999999995,3.8277359008789062,0.0,6108.1875,16465.9375,23034.0
2025-03-19 14:23:56,9.842524943180909,30.74952567265657,4.184853778351335,0.11789950964023672,11870.94746569092,10703.177571399934,23034.0
2025-03-19 14:23:58,15.463023454895731,28.855804117630008,3.900592258314282,41.87930329804638,6393.191264516738,16180.933603878102,23034.0
2025-03-19 14:24:01,10.165591887338037,30.74285495999179,4.181789317650727,2.05789522806609,11770.913774419552,10803.211257541245,23034.0
2025-03-19 14:24:03,21.068820033365398,29.72419826830631,3.9744757577046252,70.04057001625762,6591.484828283626,15982.640147227625,23034.000000000004
2025-03-19 14:24:06,10.535690376130981,30.740109064332785,4.179261230958915,3.8981897387516318,11675.406189684165,10898.718935490624,23034.0
2025-03-19 14:24:08,24.948913725401972,29.973404430527804,3.9926196363718085,79.91158744815421,6661.374532316191,15912.750455437717,23034.0
2025-03-19 14:24:11,11.021018562543137,30.73027657357075,4.175673481505252,5.711751485032063,11583.442349679519,10990.68267773854,23033.999999999996
2025-03-19 14:24:13,26.946704551757023,30.01216380218757,3.988609688251899,84.91737557011889,6696.463421847149,15877.6615712495,23034.0
2025-03-19 14:24:16,11.347163139726769,30.715715005876433,4.171457071689599,7.456417981571984,11495.299305271312,11078.825725742496,23033.999999999996
2025-03-19 14:24:18,27.253803629456083,29.95899524132653,3.9748189320518983,87.92537687237996,6723.20785288982,15850.91714174527,23034.0
2025-03-19 14:24:21,11.660687582210171,30.69415693172482,4.1662485063781025,9.03726319710442,11410.700623616578,11163.424399470023,23033.999999999996
2025-03-19 14:24:23,27.611521858784293,29.861867369894274,3.9561808503860574,89.57194322831539,6743.033587700389,15831.09140679312,23034.0
2025-03-19 14:24:26,12.014502596260904,30.66774577586856,4.160395008170041,10.657170616583615,11329.075315499616,11245.049702764189,23033.99999999999
2025-03-19 14:24:28,28.02434374892355,29.76759832899136,3.93899826835269,90.35545142579177,6757.155973468851,15816.96902175162,23034.0
2025-03-19 14:24:31,12.297220833673496,30.64200125571736,4.15470445836206,12.224259817485395,11250.374506238804,11323.750514791947,23033.999999999993
2025-03-19 14:24:33,27.974100933574167,29.69681390560092,3.926158126301433,90.95998720649918,6767.760137254622,15806.364859698548,23034.000000000004
2025-03-19 14:24:36,12.589057370801408,30.616739618253074,4.14915941068992,13.660889527456256,11174.417125225233,11399.70789195052,23033.999999999993
2025-03-19 14:24:38,28.154437444281342,29.633854154336735,3.915316399314177,91.96259699771278,6776.014728898345,15798.110268561011,23034.0
2025-03-19 14:24:41,13.454261729470941,30.605789496684277,4.145809154587543,15.008703380858007,11100.86910948423,11473.25591548422,23033.999999999993
2025-03-19 14:24:43,33.840318460759015,29.775636169094152,3.9352448073204997,91.87290256639292,6782.624036323136,15791.50096138042,23033.999999999996
2025-03-19 14:24:46,14.17032799816416,30.64383643917393,4.149864869824504,16.42188109272801,11030.058629140516,11544.06639319016,23033.99999999999
2025-03-19 14:24:48,35.685727496263816,30.126854098906193,3.9865040595312045,92.28875222979198,6788.039441255888,15786.08555695443,23034.0
2025-03-19 14:24:51,15.010176520094532,30.724301504130192,4.160344673006808,17.7919366947941,10966.298490231819,11607.826520851771,23033.999999999985
2025-03-19 14:24:53,37.09783480687278,30.641080240794246,4.062246793599344,92.59634679972538,6845.6333565470495,15728.491615602807,23034.000000000007
2025-03-19 14:24:56,15.248174159687032,30.82326905337848,4.173488263985611,19.005324782514187,10920.119209989089,11654.00580681742,23033.999999999985
2025-03-19 14:24:58,36.43722127093208,31.122905002440202,4.132766939254573,92.89886681859727,6943.296319773648,15630.82865389144,23034.000000000004
2025-03-19 14:25:01,15.469527168829394,30.91961851980714,4.186256919181131,20.28698405336512,10879.040791883424,11695.084217502597,23033.999999999985
2025-03-19 14:25:03,35.92579145833718,31.53344263471001,4.192803440519671,93.40522762257257,7056.587780719991,15517.537188424485,23034.000000000004
2025-03-19 14:25:06,15.682792494190378,31.012227669016855,4.19858308160218,21.529706436507446,10848.736084769327,11725.388921670234,23033.999999999985
2025-03-19 14:25:08,35.488033231628975,31.889806089873403,4.245195751912812,93.67328885462416,7195.324589253376,15378.800370258428,23034.000000000004
2025-03-19 14:25:11,15.909309657014925,31.102402606495914,4.210501664426713,22.699605148065228,10829.055648249558,11745.06935570481,23033.999999999985
2025-03-19 14:25:13,35.26130644787006,32.19319044361964,4.2896965937688565,93.818263976735,7356.640665118617,15217.4842899382,23034.0
2025-03-19 14:25:16,16.15936102718715,31.180629218553232,4.220731195108185,23.844272054472793,10819.554742095,11754.570259580765,23033.99999999999
2025-03-19 14:25:18,35.028552028136446,32.39518572132261,4.318999379385886,94.18779425257927,7535.863622668727,15038.261333389453,23034.0
2025-03-19 14:25:21,16.353041293604903,31.235492415353416,4.227499419337301,24.81053862507958,10819.53034462824,11754.594654310984,23033.999999999993
2025-03-19 14:25:23,34.716070019944965,32.530534151100454,4.338355676518993,94.23508611683022,7729.7798293053565,14844.34509646616,23034.0
2025-03-19 14:25:26,16.544765387702036,31.288135285698544,4.233954793033497,25.870038142338615,10828.889250123724,11745.235746356326,23033.999999999996
2025-03-19 14:25:28,34.436510167811356,32.64984168614461,4.355534323542096,94.05588067764008,7936.480350955549,14637.644578654015,23033.999999999996
2025-03-19 14:25:31,16.76552646532526,31.338747744471128,4.240149374409758,26.933066727158725,10846.515697179426,11727.609297809466,23034.0
2025-03-19 14:25:33,34.25823854794675,32.756233777512215,4.37071858720712,93.92287417172619,8153.2827104949365,14420.842197417063,23034.0
2025-03-19 14:25:36,16.94822344194503,31.38733764208552,4.246098955716637,27.976890942573036,10872.676402570774,11701.448589456002,23034.000000000004
2025-03-19 14:25:38,34.01593149795317,32.8511770767847,4.384344303037428,94.21218700688495,8378.364057032804,14195.760889235851,23033.999999999993
2025-03-19 14:25:41,17.131736912481053,31.43530608374803,4.2519480795414,28.957621761881786,10907.06345946097,11667.061531053008,23034.000000000004
2025-03-19 14:25:43,33.82446369569947,32.93876250671854,4.396795647377936,94.30713872314365,8611.980167067053,13962.144749705853,23034.0
2025-03-19 14:25:46,17.301196695174102,31.48100194516998,4.257521564320464,29.892964935647882,10949.8671588828,11624.257830313549,23034.000000000004
2025-03-19 14:25:48,33.63097354026437,33.01838656696077,4.4081735608818935,94.40105068779316,8855.012948693766,13719.1119615139,23034.0
2025-03-19 14:25:51,17.466598283059962,31.52734535173549,4.263217388203059,30.853209811546872,11000.652874081727,11573.472111735919,23034.000000000004
2025-03-19 14:25:53,33.46240917638339,33.094588882600995,4.419170514074942,94.63394509982514,9106.239055651035,13467.88588532192,23034.000000000004
2025-03-19 14:25:56,17.62014728674008,31.57239976274299,4.2687333589355125,31.75479624943105,11058.388679313286,11515.736306991903,23034.0
2025-03-19 14:25:58,33.26438057593262,33.164032482372136,4.429197762229558,94.6520826458308,9361.277469354738,13212.847431229548,23033.999999999996
2025-03-19 14:26:01,17.791405726303886,31.61499379387816,4.2739983716464,32.620808717914265,11123.210296551066,11450.914677950337,23034.000000000004
2025-03-19 14:26:03,33.20146186798397,33.226072264212284,4.438154397591945,94.57672681812512,9620.98036037495,12953.144542814276,23033.999999999996
2025-03-19 14:26:06,18.01128957879779,31.65667490803464,4.2791156333192015,33.369641098448184,11194.550214457835,11379.574768363012,23034.000000000004
2025-03-19 14:26:08,33.21062568250363,33.282961992118494,4.446365816079218,94.66796577194125,9884.445235635832,12689.679697924896,23033.999999999993
2025-03-19 14:26:11,18.174752957703276,31.697461087097263,4.284079197827537,34.2329326942664,11272.023389644271,11302.101588649546,23034.000000000007
2025-03-19 14:26:13,33.15785254768161,33.3377871862253,4.454157335964583,94.68675017924313,10152.085766529362,12422.039174793772,23033.999999999996
2025-03-19 14:26:16,18.33844630245356,31.73673604507354,4.28887210453538,35.04482521949462,11355.210146050582,11218.914833030962,23034.000000000007
2025-03-19 14:26:18,33.082445947796536,33.3874936221069,4.461199801855433,94.78675542283644,10421.552526051551,12152.57238641627,23034.0
2025-03-19 14:26:21,18.520898396523823,31.776004057798666,4.293676546374318,35.75316368977288,11444.597170943105,11129.527793498084,23034.00000000001
2025-03-19 14:26:23,33.085249570243306,33.43620460771508,4.468237884823887,94.94367334138363,10695.13742339404,11878.987489513796,23034.0
2025-03-19 14:26:26,18.67787700055309,31.813818405991682,4.2983332358045985,36.5218083303862,11539.286795200504,11034.838168220369,23034.000000000015
2025-03-19 14:26:28,33.034407729233095,33.48237561568232,4.474837291978805,94.83714140222655,10969.99239664159,11604.132534245007,23034.0
2025-03-19 14:26:31,18.824290059908733,31.850100748980186,4.302791601268262,37.17313799611311,11639.576383366953,10934.54859094632,23034.000000000015
2025-03-19 14:26:33,32.94636355744775,33.5219861883311,4.4805425275585264,94.96509189961048,11248.576446588908,11325.54847839008,23034.000000000004
2025-03-19 14:26:36,18.955996719481448,31.88569146947284,4.3071046136733875,37.86413080525157,11744.965766784568,10829.159209560321,23034.00000000001
2025-03-19 14:26:38,32.83289718709276,33.55889350673484,4.485864125745836,95.0324265114285,11528.146168219988,11045.978726140307,23034.0
2025-03-19 14:26:41,19.09061542341208,31.920643846336613,4.311392721252529,38.55643047343272,11855.326029116059,10718.798939082742,23034.000000000007
2025-03-19 14:26:43,32.771723051344125,33.59595019678536,4.491179522869374,94.94286669981477,11812.904322092038,10761.220563171055,23034.000000000004
2025-03-19 14:26:46,19.238159855529343,31.95475375104789,4.315602753348595,39.2874565100024,11975.353319938613,10598.771629168055,23034.000000000004
2025-03-19 14:26:48,32.71233171013564,33.62918621723902,4.496027770413451,95.087316398601,12112.547668034184,10461.577217286376,23034.0
2025-03-19 14:26:51,19.386794723900884,31.989126345347778,4.319838167095891,40.000318923464754,12096.9432881214,10477.181679325022,23034.000000000007
2025-03-19 14:26:53,32.76410874795307,33.67150698145338,4.5021451239674715,95.04780497263005,12397.468222907055,10176.656648474525,23034.0
2025-03-19 14:26:56,19.75499590198286,32.03214517507011,4.325395299659684,40.634471747174665,12217.455331751384,10356.669635981314,23034.00000000001
2025-03-19 14:26:58,33.11952807725292,33.732206356993274,4.510969234159814,94.9995732936007,12670.911093025234,9903.213839553293,23034.000000000004
2025-03-19 14:27:01,19.854830113971325,32.077016495574775,4.331261365751302,41.307956107600596,12336.5444811607,10237.580491074617,23034.000000000004
2025-03-19 14:27:03,32.97486917122876,33.789591408553115,4.519511488318989,95.03575684056594,12931.863845918686,9642.26106931801,23034.00000000001
2025-03-19 14:27:06,19.929736644226924,32.120426406601005,4.336980075871414,41.94935535346521,12452.782795080968,10121.342176631388,23034.000000000015
2025-03-19 14:27:08,32.816638079757894,33.84357981243674,4.5275932349725805,95.16275197876236,13178.5111162645,9395.613800893514,23034.00000000001
2025-03-19 14:27:11,20.008598455480364,32.163098734272594,4.342596540614723,42.60232794319317,12566.621817645377,10007.503156475874,23034.000000000015
2025-03-19 14:27:13,32.661117869549756,33.8952790232896,4.535317788726485,95.28374366116333,13413.49873179938,9160.626207764824,23034.000000000007
2025-03-19 14:27:16,20.180047780917047,32.206013019263615,4.348175130117851,43.240005863421125,12677.794358567902,9896.330612189531,23034.00000000002
2025-03-19 14:27:18,32.799185125038605,33.948821317036725,4.543051007290307,95.25230613163023,13636.953795132613,8937.17112250487,23034.000000000007
2025-03-19 14:27:21,20.404060162558203,32.24808896573638,4.353698870200494,43.75632198169589,12786.474070305458,9787.650901736022,23034.000000000022
2025-03-19 14:27:23,32.87033007128309,33.99792685220699,4.550336305297486,95.36542418300769,13849.870622782979,8724.254329461784,23034.000000000004
2025-03-19 14:27:26,20.522422117224398,32.27135071100562,4.356430430153266,44.366952819814365,12853.84980787442,9720.275212249053,23034.000000000022
2025-03-19 14:27:28,32.92429095885368,33.9639170074037,4.545233080381177,95.47293053998915,13869.255926013193,8704.869112216693,23034.000000000007
2025-03-19 14:27:31,20.68282374138558,32.24054879208081,4.351156201073309,44.862084526305196,12789.126816481787,9784.998203210707,23034.000000000022
2025-03-19 14:27:33,33.01379558627281,33.8688325191572,4.5310521334841924,95.57583405300429,13709.525648391766,8864.599393424958,23034.000000000007
2025-03-19 14:27:36,20.89566285974903,32.22360603209101,4.3479935498136495,45.42688889006119,12725.915563158902,9848.209453238285,23034.00000000002
2025-03-19 14:27:38,33.154017412255634,33.80401439344986,4.52141330522108,95.53272173460708,13556.984744239035,9017.140324114087,23034.000000000007
2025-03-19 14:27:41,21.086877220352623,32.2148240442556,4.346016158837746,45.99269161777194,12664.061034401442,9910.063979937075,23034.000000000022
2025-03-19 14:27:43,33.30475734901696,33.73825681254875,4.511579633036989,95.5625232823986,13411.001308804387,9163.123743731863,23034.00000000001
2025-03-19 14:27:46,21.182814364867152,32.18414347929894,4.340794974282299,46.55228876275781,12603.345542779405,9970.779470661553,23034.000000000022
2025-03-19 14:27:48,33.165272232778,33.641438816448606,4.4971508954323545,95.65697060310977,13271.190489149647,9302.934541755674,23034.000000000004
2025-03-19 14:27:51,21.277823461097054,32.15461467090253,4.33579046023368,47.00755130981191,12543.93341073091,10030.191605843076,23034.000000000025
2025-03-19 14:27:53,33.27523433799866,33.56214814098147,4.48537676691428,95.74742050901041,13137.297253312681,9436.82779913235,23034.000000000004
2025-03-19 14:27:56,21.58161942944336,32.14766007659962,4.334152445072419,47.54898429377753,12485.67772746955,10088.44729728913,23034.000000000022
2025-03-19 14:27:58,33.768947079182624,33.535863255281555,4.481532726113197,95.7770072704837,13008.840754818506,9565.284293746618,23033.999999999996
2025-03-19 14:28:01,21.983716935851046,32.16982011819842,4.336914161585817,48.03107456104867,12428.734948650117,10145.390078545404,23034.00000000002
2025-03-19 14:28:03,34.43140224138473,33.61758259011518,4.4939322186471555,95.73410624479702,12885.033142434746,9689.09190492473,23034.0
2025-03-19 14:28:06,22.60183954397247,32.323553220149776,4.359422865751641,48.33190713442474,12372.945532455244,10201.179480485172,23034.000000000015
2025-03-19 14:28:08,35.04306044357968,33.930349199396126,4.540932238011302,95.44759869380474,12767.161144201116,9806.963908994558,23033.999999999996
2025-03-19 14:28:11,22.777183940989747,32.495876324767615,4.384728150902542,48.75427881687957,12318.214148544663,10255.910871296897,23034.00000000002
2025-03-19 14:28:13,35.147251086991005,34.234557621091774,4.586678732936444,95.33271693687134,12653.224937579987,9920.900092585367,23034.0
2025-03-19 14:28:16,22.979704182563122,32.664983267626276,4.409567827224476,49.234139130837434,12264.525212831255,10309.59980651683,23034.00000000002
2025-03-19 14:28:18,35.31232706286677,34.524635001701284,4.630302405204311,95.42070846647837,12543.670442729854,10030.45460674353,23034.000000000004
2025-03-19 14:28:21,23.138814092467868,32.826969417154054,4.433353690121288,49.67421072170512,12211.826495448056,10362.298524672557,23034.000000000022
2025-03-19 14:28:23,35.43666740254614,34.796734230355476,4.671190866974148,95.30179279485321,12437.951293967748,10136.173732553658,23034.000000000004
2025-03-19 14:28:26,23.285836676786527,32.98043764686215,4.455863764839452,50.11056722023155,12160.200831928114,10413.924180659667,23034.000000000022
2025-03-19 14:28:28,35.39795414883968,35.04594433193786,4.708700605312257,95.29180446244781,12336.406690862645,10237.718335903444,23034.000000000004
2025-03-19 14:28:31,23.38153339253634,33.1023265331312,4.47363456075983,50.551829377747126,12109.47343571258,10464.651584460804,23034.00000000002
2025-03-19 14:28:33,35.66058228802019,35.20040918198772,4.731945413613793,95.25731959541835,12237.854741469748,10336.270306306207,23034.000000000004
2025-03-19 14:28:36,23.733810175505976,33.2476656717834,4.4949899058508915,50.86827371381474,12059.946410825285,10514.178601686152,23034.000000000022
2025-03-19 14:28:38,35.803537637126276,35.47408570028143,4.773121552771891,95.32357510386332,12143.621357752338,10430.503666238375,23034.0
2025-03-19 14:28:41,23.963719818895928,33.412784625745104,4.519302957127999,51.29681909428984,12011.10967000184,10563.015342846451,23034.00000000002
2025-03-19 14:28:43,35.95785656313403,35.73913000245289,4.8128572864855865,95.28356001705053,12052.243310097278,10521.881712175495,23034.000000000004
2025-03-19 14:28:46,24.06736243964589,33.57123032793273,4.542587315240931,51.694073273397144,11963.273830837143,10610.85118376573,23034.000000000015
2025-03-19 14:28:48,36.04764322048522,35.98775614434089,4.850237523605885,95.26371290455555,11964.004823275305,10610.120198249424,23034.0
2025-03-19 14:28:51,24.23723807806074,33.72248636178104,4.564755871007226,52.076688187115174,11916.291199948133,10657.8338132709,23034.000000000015
2025-03-19 14:28:53,36.03770162491723,36.21876741415272,4.884961764488555,95.34263565345415,11878.657871223762,10695.467164024596,23034.000000000004
2025-03-19 14:28:56,24.433801867114767,33.8670548663763,4.585975155477294,52.49432851700215,11870.146222606054,10703.978789459603,23034.000000000015
2025-03-19 14:28:58,36.21058668505395,36.43755407097792,4.917860920096612,95.38621467385552,11796.075400530426,10778.04961879402,23034.0
2025-03-19 14:29:01,24.55281540457337,34.00925153578331,4.60688084688046,52.90839526476424,11824.897280224097,10749.227741769215,23034.00000000001
2025-03-19 14:29:03,36.32782190889984,36.64993215964481,4.949780265087064,95.38334580589446,11716.220824611239,10857.904199769993,23034.0
2025-03-19 14:29:06,24.676744908911612,34.14457248289313,4.626757689116813,53.30094754791244,11780.427565669706,10793.697444999269,23034.000000000007
2025-03-19 14:29:08,36.266346137932835,36.83828295291462,4.978114658062993,95.4565809408328,11638.902844916878,10935.222182487985,23034.000000000004
2025-03-19 14:29:11,25.029721520712172,34.244894151902244,4.641392024770351,53.57544712651032,11736.730882253121,10837.394129440561,23034.00000000001
2025-03-19 14:29:13,36.81327481918,36.98782984471255,5.00062360694639,95.43183643875486,11563.904992479354,11010.22002492867,23034.0
2025-03-19 14:29:16,25.172817844728563,34.38025815695434,4.661282990245603,53.98082944950945,11693.806361651985,10880.318648305594,23034.00000000001
2025-03-19 14:29:18,36.91322125262088,37.18338126435166,5.030019289948649,95.42183097073728,11491.324321606315,11082.800695270642,23034.0
2025-03-19 14:29:21,25.30127127520554,34.513428796353146,4.680839699574895,54.35841739962996,11651.613919007395,10922.511091446771,23034.000000000007
2025-03-19 14:29:23,36.89019865871644,37.37264392999256,5.058461234850649,95.46817154637307,11420.85552371985,11153.269493204249,23034.000000000004
2025-03-19 14:29:26,25.437699004007744,34.64277667645301,4.699829664397811,54.68032174210246,11610.094035859576,10964.030986004482,23034.000000000004
2025-03-19 14:29:28,37.004814280780174,37.55155966803376,5.08534487551332,95.45029671849301,11352.536130792934,11221.588893437438,23034.000000000004
2025-03-19 14:29:31,25.5555429426257,34.766669522773334,4.71798840968654,55.02938545588216,11569.410753443472,11004.714262877922,23034.0
2025-03-19 14:29:33,37.03677378356691,37.721454069596405,5.110874233203818,95.47290677567923,11286.186731304344,11287.93829352522,23034.000000000004
2025-03-19 14:29:36,25.704845765158275,34.88656202257375,4.735592538594321,55.41054391103056,11529.3440927394,11044.78091703111,23034.000000000004
2025-03-19 14:29:38,37.08730071155435,37.882629144125126,5.135144363302996,95.385709116116,11221.829188066255,11352.295827799262,23034.000000000004
2025-03-19 14:29:41,25.81275509589643,35.00268163125164,4.752638948594328,55.752880888603755,11489.989795115707,11084.135215350607,23034.000000000004
2025-03-19 14:29:43,37.07693920950696,38.03477643511158,5.158025026526439,95.41444582263144,11159.27990492337,11414.845109493277,23034.000000000007
2025-03-19 14:29:46,25.879779596315267,35.08938447903519,4.765274079753293,56.060666148422975,11451.179661510698,11122.94535707676,23034.000000000007
2025-03-19 14:29:48,37.26231799594577,38.11656336404167,5.1703475897821605,95.4662075810686,11098.027543790882,11476.097499834552,23034.000000000007
2025-03-19 14:29:51,26.174809823832508,35.177356556900065,4.77811617974007,56.38761616621277,11413.129583838672,11160.995426352309,23034.000000000004
2025-03-19 14:29:53,37.355623443597075,38.24662195282865,5.189939371123614,95.31599026621316,11039.391939952631,11534.733080330612,23034.000000000007
2025-03-19 14:29:56,26.271036855448404,35.21600728151249,4.783490681152519,56.728370844681606,11378.41302854377,11195.711978118494,23034.000000000007
2025-03-19 14:29:58,37.330678252332916,38.2265574201863,5.186868338747389,95.38014457046279,10993.83275849789,11580.29225124122,23034.000000000007
2025-03-19 14:30:01,26.301533029844272,35.2169683548574,4.783166825194118,57.022312769015194,11351.78346020593,11222.341547082568,23034.000000000007
2025-03-19 14:30:03,37.22584109090819,38.18580117668369,5.18070095090177,95.42460982565636,10954.765020341552,11619.359990068422,23034.00000000001
2025-03-19 14:30:06,26.31437948510648,35.21683165434391,4.78273260104356,57.34811142568229,11325.613116804561,11248.511889015816,23034.000000000007
2025-03-19 14:30:08,37.101982097401425,38.145913242632744,5.174672299223867,95.37015487978135,10917.060196895352,11657.064811569973,23034.000000000015
2025-03-19 14:30:11,26.331005249264305,35.21714960877761,4.782348592715915,57.670084871450804,11301.635378928504,11272.48962639899,23034.000000000007
2025-03-19 14:30:13,36.98680900825898,38.10834858809397,5.168930216462308,95.43103298197461,10884.89253935997,11689.232468190561,23034.000000000015
2025-03-19 14:30:16,26.347434132129575,35.21780727885617,4.782021320749841,57.98703935551005,11281.361192059352,11292.763813404814,23034.00000000001
2025-03-19 14:30:18,36.88154189960929,38.07179974390437,5.1633562568712215,95.49028392821133,10859.103415629195,11715.02158998524,23034.00000000001
2025-03-19 14:30:21,26.364110426031544,35.21857824359851,4.781690646250419,58.303664815067386,11264.88128586429,11309.243718192338,23034.000000000007
2025-03-19 14:30:23,36.769256609259735,38.03626068893221,5.157909563257389,95.51732000656192,10839.546797072138,11734.578206854112,23034.000000000022
2025-03-19 14:30:26,26.381470377068958,35.21921354998446,4.781348051280633,58.60351724580061,11252.028604201976,11322.096399575386,23034.000000000007
2025-03-19 14:30:28,36.66656859829763,38.00151397723882,5.152587498543059,95.57403680315821,10825.760263577306,11748.36473910958,23034.00000000002
2025-03-19 14:30:31,26.402399146845287,35.219357701632795,4.7809425346769885,58.866359059237794,11243.400959316261,11330.724042311655,23034.000000000007
2025-03-19 14:30:33,36.57322779155513,37.96677290116603,5.14722175200056,95.56701034015572,10819.307231454915,11754.817769276566,23034.00000000002
2025-03-19 14:30:36,26.42410960390722,35.219105410388174,4.7804775150897525,59.18082700131792,11239.62866637808,11334.496333829475,23034.000000000004
2025-03-19 14:30:38,36.48094551040128,37.932850672136624,5.142016552591927,95.60950068543673,10821.450871715026,11752.674126532811,23034.00000000002
2025-03-19 14:30:41,26.44417362047636,35.21898575976523,4.7800611788647105,59.45553035476714,11240.810788473838,11333.314209635751,23034.000000000004
2025-03-19 14:30:43,36.395410542754696,37.89977746630231,5.136918916698921,95.63533230644623,10830.70270594399,11743.42229071982,23034.00000000002
2025-03-19 14:30:46,26.48790262858373,35.21899322777984,4.779593809695388,59.74329520950319,11247.9241155875,11326.200881135004,23034.000000000004
2025-03-19 14:30:48,36.33623885364964,37.86727392427161,5.131884535618787,95.61504988861344,10851.017309150959,11723.10768370003,23034.000000000015
2025-03-19 14:30:51,26.513420739155016,35.2183909186332,4.779132403415025,60.035067047107916,11265.556703350781,11308.568291629856,23034.0
2025-03-19 14:30:53,36.25999906226082,37.83495112985664,5.126969888616638,95.66711153507006,10888.836887809433,11685.28810237477,23034.000000000015
2025-03-19 14:30:56,26.542353887234945,35.21777312229586,4.778674040880294,60.305308705678165,11290.247938134109,11283.877054039503,23034.0
2025-03-19 14:30:58,36.183761853283734,37.80310292811166,5.122145270505363,95.68985901786348,10934.515499784025,11639.609484033499,23034.000000000015
2025-03-19 14:31:01,26.566940779377397,35.217452657709686,4.778243619168517,60.59644371744135,11319.667372997637,11254.45761790737,23034.000000000004
2025-03-19 14:31:03,36.11197159074468,37.772022706582874,5.117400172997678,95.73997527321201,10987.231810496587,11586.893175717909,23034.000000000015
2025-03-19 14:31:06,26.58724619448452,35.21658888555265,4.77774171735376,60.854737516784525,11353.727498946653,11220.397490427245,23034.000000000004
2025-03-19 14:31:08,36.03405668060121,37.74200197023225,5.112741190634093,95.74650367520417,11046.561620920971,11527.56336271394,23034.000000000015
2025-03-19 14:31:11,26.62843491675969,35.21573788151665,4.777241792955294,61.14046602373161,11391.740407251591,11182.384582780784,23034.000000000004
2025-03-19 14:31:13,35.99008359855487,37.712063430121376,5.10813216770476,95.76517329471095,11111.689524786027,11462.435460215347,23034.000000000015
2025-03-19 14:31:16,26.644444444394377,35.21489950040319,4.776738312630783,61.42195640748984,11433.884255100003,11140.2407329383,23034.0
2025-03-19 14:31:18,35.90679939308062,37.682380206597344,5.103629521975225,95.81275084517733,11182.47751707881,11391.647456521645,23034.00000000001
2025-03-19 14:31:21,26.658833169617544,35.21392932077547,4.776219263006561,61.68689334380238,11479.888861043017,11094.236126419299,23033.999999999996
2025-03-19 14:31:23,35.82822422124632,37.65349554331447,5.099191359857468,95.83483463003316,11258.485602759114,11315.639376891822,23034.00000000001
2025-03-19 14:31:26,26.67646708185046,35.21297295157398,4.775702451429885,61.94462570543811,11529.755596403465,11044.36938880225,23033.999999999996
2025-03-19 14:31:28,35.7503719288905,37.62529858484532,5.09485720721851,95.8806283124874,11339.885287060844,11234.239690989492,23034.000000000007
2025-03-19 14:31:31,26.693772785097675,35.212068318689,4.775228623751069,62.21334424685942,11583.450327750897,10990.674657979922,23034.0
2025-03-19 14:31:33,35.67705975548425,37.59786062707688,5.0906729820544,95.92538644379668,11426.514903023899,11147.610062762133,23034.000000000007
2025-03-19 14:31:36,26.70730788163645,35.211277879500564,4.774740289326166,62.44786108531709,11640.795575179844,10933.329410897291,23034.0
2025-03-19 14:31:38,35.600814019717184,37.57100566192747,5.086547209462042,95.96919318138917,11517.721188816053,11056.40378297615,23034.000000000007
2025-03-19 14:31:41,26.72681504010765,35.2105000131316,4.774267663609687,62.69358474167529,11701.705054859904,10872.419928422076,23034.0
2025-03-19 14:31:43,35.53380116586844,37.54482573958368,5.082581000062231,96.01207069063038,11613.9558937273,10960.169079989219,23034.000000000004
2025-03-19 14:31:46,26.740161107174572,35.21030277405142,4.773889328857604,62.90237811361607,11765.917913994539,10808.207058307093,23034.0
2025-03-19 14:31:48,35.47392930126831,37.52016443584148,5.078756212441941,96.05401305547643,11715.079778624282,10859.045189726314,23034.000000000007
2025-03-19 14:31:51,26.77059902371234,35.20984912191962,4.773477861930641,63.158456025652036,11837.39978673149,10736.725186564816,23034.0
2025-03-19 14:31:53,35.41972170227627,37.49528054154999,5.074937627485767,96.04659972795454,11825.373830373534,10748.751139506032,23034.000000000007
2025-03-19 14:31:56,26.796247152439495,35.20940217352358,4.7730561928620014,63.3816310211127,11909.150747099948,10664.974225248605,23034.0
2025-03-19 14:31:58,35.40495525314429,37.47453741239701,5.071712585911138,95.99043420779839,11934.323816539752,10639.801148213168,23034.000000000007
2025-03-19 14:32:01,26.95195954374645,35.217116319380274,4.773908858290621,63.62403489647378,11981.132629162286,10592.992353978096,23034.000000000004
2025-03-19 14:32:03,35.49523599692331,37.4649850919004,5.070213975268001,96.00684448802593,12042.26411977689,10531.860853576258,23034.000000000007
2025-03-19 14:32:06,26.953416210372374,35.22645634122567,4.774995014850705,63.858881103337275,12052.67240945426,10521.452573770972,23034.000000000007
2025-03-19 14:32:08,35.40781616022213,37.4562423120418,5.06884550086739,96.04720504987634,12148.706002154668,10425.418971313165,23034.00000000001
2025-03-19 14:32:11,26.951741567649055,35.23567411479768,4.776064803495069,64.08771273190919,12123.275826247145,10450.849155238811,23034.000000000004
2025-03-19 14:32:13,35.31620424890319,37.44766562709491,5.0674975292178805,96.0767247286292,12253.125704815753,10320.999268561924,23034.00000000001
2025-03-19 14:32:16,26.94894948665525,35.24476628779378,4.777112110679894,64.29236385643206,12192.917210949829,10381.207772442789,23034.0
2025-03-19 14:32:18,35.22943723058729,37.439291655963366,5.066166539006745,96.10223368658812,12355.077395013383,10219.047577248926,23034.00000000001
2025-03-19 14:32:21,26.94680149966775,35.253743600409535,4.778138685830626,64.52395635315533,12261.678827278782,10312.44615701597,23034.0
2025-03-19 14:32:23,35.14988277339755,37.431048382944724,5.064841862235064,96.14051638944497,12455.437869067313,10118.687104530629,23034.00000000002
2025-03-19 14:32:26,26.959655441835885,35.262309214058575,4.779108756884649,64.74275212723649,12329.483940259406,10244.641041950008,23034.000000000004
2025-03-19 14:32:28,35.09246677717762,37.421936460307336,5.063414369957509,96.17793682536684,12553.537859868675,10020.58711892701,23034.000000000015
2025-03-19 14:32:31,27.18246494004841,35.24202596061516,4.77581126267379,64.92319609493455,12332.883358703633,10241.241657515697,23034.0
2025-03-19 14:32:33,35.53030926320228,37.35596314441796,5.053538219407709,96.21485891768873,12515.596213707511,10058.528802546263,23034.000000000022
2025-03-19 14:32:36,27.490738872849878,35.214876109742576,4.771531611525745,65.1300915179141,12297.342547129785,10276.78246215037,23034.0
2025-03-19 14:32:38,35.74984769474217,37.300208741371286,5.045264012609378,96.17452196992534,12461.868291127095,10112.256723760689,23034.000000000025
2025-03-19 14:32:41,27.492113182074057,35.19166512540189,4.767841822776048,65.33091708515984,12262.153929016999,10311.971079724257,23034.0
2025-03-19 14:32:43,35.660228714770994,37.246102180464376,5.037210399654756,96.21060012536806,12408.868969166067,10165.256042491188,23034.00000000002
2025-03-19 14:32:46,27.48479461317408,35.167726320008015,4.764037985699433,65.53655275243949,12227.400803593087,10346.724205657725,23034.000000000004
2025-03-19 14:32:48,35.57280190524251,37.19177834838578,5.029111801960805,96.20302716863833,12356.86047599266,10217.264535447788,23034.000000000022
2025-03-19 14:32:51,27.48570207586823,35.126984936227245,4.757706444831236,65.75599473349381,12193.111091822511,10381.013917106402,23033.999999999996
2025-03-19 14:32:53,35.49920893148058,37.097637867533834,5.01503865063373,96.21916839394517,12305.803970034647,10268.321042419024,23034.000000000022
2025-03-19 14:32:56,27.482008446322155,35.062885267879075,4.747876960378417,65.97274525983872,12159.24193288183,10414.883076540102,23034.0
2025-03-19 14:32:58,35.433120257132764,36.987062685538305,4.998489325140052,96.19333417954398,12255.663636220663,10318.46137857786,23034.000000000022
2025-03-19 14:33:01,27.55524093001636,35.00252450435265,4.738609814077237,66.142867110658,12125.778709731077,10448.346298575801,23034.0
2025-03-19 14:33:03,35.44353163498081,36.88350609887982,4.983023989133674,96.17521578210165,12206.442039595253,10367.682973180004,23034.00000000002
2025-03-19 14:33:06,27.63279010739529,34.94359992340959,4.729575430344426,66.3548229937087,12092.70185420769,10481.42315944244,23033.999999999996
2025-03-19 14:33:08,35.636856075134084,36.784952463296236,4.968298619653408,96.17727775747107,12158.136589981781,10415.988431950138,23034.00000000002
2025-03-19 14:33:11,28.006031829185964,34.89857683419596,4.722649494748709,66.53345269479597,12059.767129756268,10514.357884630432,23033.999999999993
2025-03-19 14:33:13,36.16898342722017,36.71501068037052,4.957867874984122,96.07369061366865,12110.50444326544,10463.620578463355,23034.00000000002
2025-03-19 14:33:16,28.433029624475747,34.876445639948415,4.719156745577362,66.56184159388478,12028.333320331556,10545.791696763505,23033.999999999996
2025-03-19 14:33:18,36.713582726275575,36.680843001408405,4.952797561026204,95.85282117541077,12063.91862363809,10510.206394751072,23034.000000000025
2025-03-19 14:33:21,28.839692744076107,34.877409263066376,4.71913083308981,66.75834662832033,11996.516256154442,10577.608759719626,23033.999999999985
2025-03-19 14:33:23,37.21856108277875,36.6732433167259,4.95174352040422,95.8013346692963,12017.925505626406,10556.199515073078,23034.00000000003
2025-03-19 14:33:26,29.115085954518488,34.890707029884446,4.720953335625778,66.90858375742735,11965.087936012407,10609.03707542039,23033.99999999999
2025-03-19 14:33:28,37.402650558389126,36.67617087611059,4.952251269329705,95.82035124366742,11973.183601834688,10600.941414939503,23034.000000000025
2025-03-19 14:33:31,29.176328431872488,34.89997859819577,4.722179906750421,67.06787767582759,11934.040057330169,10640.084957297333,23033.99999999999
2025-03-19 14:33:33,37.42056911498122,36.67403462960644,4.952036400312669,95.84241130199459,11929.011137287365,10645.113872972908,23034.000000000025
2025-03-19 14:33:36,29.34847024244557,34.91632664154584,4.724481112628586,67.26626370452139,11903.366286151258,10670.758732508006,23033.99999999999
2025-03-19 14:33:38,37.61495867719281,36.689002935933225,4.9543675419758655,95.84213895472374,11885.494484635656,10688.63061380552,23034.000000000025
2025-03-19 14:33:41,29.62143807718193,34.983918609477705,4.734462588696612,67.42018242425334,11873.058066536532,10701.066951905977,23033.999999999993
2025-03-19 14:33:43,38.03864820238319,36.82024059851563,4.974114462079837,95.85698078989678,11842.781708702674,10731.343302907637,23034.00000000003
2025-03-19 14:33:46,29.76214183986746,35.113158943160194,4.753678464146247,67.5213164889459,11843.114209124808,10731.010802365405,23033.999999999993
2025-03-19 14:33:48,38.055039098137904,36.98693918574126,4.999189510346784,95.8917661853766,11800.79601415527,10773.329002177317,23034.00000000003
2025-03-19 14:33:51,29.855968301347684,35.23844811677189,4.77231210673863,67.71349850922155,11813.52286190237,10760.602155223733,23033.999999999996
2025-03-19 14:33:53,38.1152142791181,37.14430604333361,5.022854948362757,95.8843418323063,11759.477477833447,10814.647532983523,23034.00000000003
2025-03-19 14:33:56,29.93058250176557,35.35512357782094,4.789652553593675,67.90346687571775,11784.272353627992,10789.85266148893,23033.99999999999
2025-03-19 14:33:58,38.18206636401764,37.28788367487916,5.0444591451097915,95.91840440564789,11718.780328737163,10855.344681901497,23034.000000000033
2025-03-19 14:34:01,30.02805931144454,35.46043965997334,4.80528251590961,68.05486966747786,11755.378724136182,10818.746288391016,23033.99999999999
2025-03-19 14:34:03,38.21392772503765,37.41684401802818,5.0638482425872215,95.91066921502912,11678.854948608485,10895.27006130963,23034.000000000033
2025-03-19 14:34:06,30.0364875788738,35.56045625010497,4.820124668818101,68.20350675928883,11726.81363242135,10847.311383254877,23033.99999999999
2025-03-19 14:34:08,38.1532044235658,37.52676381996522,5.080384124247342,95.92222349042368,11639.585257831062,10934.539752152867,23034.000000000033
2025-03-19 14:34:11,30.218700625658517,35.61687448987264,4.828425032867149,68.26885745236213,11698.571479742763,10875.553536875583,23033.99999999999
2025-03-19 14:34:13,38.446601551390174,37.60643388628791,5.0924029977779375,95.85726410738108,11600.823863895801,10973.301146157672,23034.000000000036
2025-03-19 14:34:16,30.308686837367777,35.714035963206165,4.8428098540544955,68.43158439485951,11670.66858123276,10903.456432420186,23033.99999999999
2025-03-19 14:34:18,38.449622314600546,37.72334357776951,5.109999738591099,95.88312366348119,11562.79968835316,11011.325323209336,23034.000000000033
2025-03-19 14:34:21,30.3836770641738,35.806514384543334,4.856512905526209,68.57015317902079,11643.077298167615,10931.047712970458,23033.999999999985
2025-03-19 14:34:23,38.472464939556446,37.835352373975574,5.126857472055969,95.91503978580964,11525.359630529352,11048.765379512533,23034.000000000033
2025-03-19 14:34:26,30.42497479249755,35.896038779666775,4.869804343087274,68.73396641250446,11615.799506920246,10958.325509467333,23033.99999999999
2025-03-19 14:34:28,38.520966414020116,37.94309642163393,5.14305753776577,95.87944124185819,11488.465427437757,11085.659581780748,23034.000000000036
2025-03-19 14:34:31,30.493839225334913,35.982625232381096,4.882606905478389,68.86816769511931,11588.829244697423,10985.29576678031,23033.999999999993
2025-03-19 14:34:33,38.50481436424197,38.04632398943374,5.158602526516822,95.8819472829632,11452.15986842368,11121.965146053102,23034.00000000003
2025-03-19 14:34:36,30.578260229915923,36.06711538205434,4.895129596806403,69.0190054202101,11562.163458225688,11011.961555191767,23033.999999999993
2025-03-19 14:34:38,38.56017570483094,38.14624983762527,5.173632243319543,95.90270617393028,11416.40138479096,11157.723628823933,23034.00000000003
2025-03-19 14:34:41,30.602854415271562,36.14975767142581,4.907370656426384,69.19208527001445,11535.794710116292,11038.330300214895,23033.999999999985
2025-03-19 14:34:43,38.52788225648264,38.24366379552962,5.188302950315185,95.90215532019964,11381.270534797968,11192.854475047472,23034.00000000003
2025-03-19 14:34:46,30.62509592986235,36.2190198417455,4.917595408706257,69.36325691267606,11509.716593872556,11064.408419403948,23033.99999999999
2025-03-19 14:34:48,38.631293193373736,38.32554793882263,5.200600377404608,95.76244566375803,11346.58604475914,11227.538967411869,23034.000000000033
2025-03-19 14:34:51,30.790269139190386,36.32065976570201,4.932693037926289,69.39670440947819,11483.931883437655,11090.193128718074,23033.999999999985
2025-03-19 14:34:53,38.68809662252502,38.464901956717526,5.221535129522976,95.76050895867549,11312.326889096723,11261.79812518557,23034.000000000033
2025-03-19 14:34:56,30.94298854738559,36.432027666795605,4.949257590695907,69.53131667039118,11458.427859907302,11115.697150593387,23033.99999999999
2025-03-19 14:34:58,38.8066878188099,38.599086471200266,5.241709202679235,95.78400298892504,11278.89188534175,11295.233123797729,23034.000000000033
2025-03-19 14:35:01,31.02384682256467,36.53874587037055,4.965137312712199,69.61808232861931,11433.202464911785,11140.92255300069,23033.99999999999
2025-03-19 14:35:03,38.94552260904758,38.728937450821576,5.261240401495558,95.77817350636157,11245.754696370483,11328.370319467731,23034.000000000033
2025-03-19 14:35:06,31.227380294755175,36.64881689302011,4.981504034671552,69.76350017005558,11408.251279452332,11165.873735437,23033.999999999993
2025-03-19 14:35:08,39.182352690007264,38.87002548589573,5.282457378556867,95.61486668964152,11213.0462404455,11361.078773410163,23034.000000000033
2025-03-19 14:35:11,31.53703241698602,36.77507026905835,5.000321081063452,69.92694071613585,11383.569837199253,11190.55517207499,23033.999999999993
2025-03-19 14:35:13,39.52291649677918,39.0298359712519,5.306452497085348,95.56710643683462,11180.973264083617,11393.151746507088,23034.000000000033
2025-03-19 14:35:16,31.71218376590881,36.90174418923595,5.019179090671553,69.98973592730651,11359.1539731991,11214.9710347663,23033.999999999996
2025-03-19 14:35:18,39.60878385406673,39.18218375091844,5.329346047363534,95.57893533523611,11149.37626564139,11424.748742532161,23034.000000000033
2025-03-19 14:35:21,31.766749830401896,37.02377704736215,5.037342864357217,70.15021873756852,11334.999060907363,11239.12594894797,23033.999999999996
2025-03-19 14:35:23,39.62051069014301,39.330790040029854,5.351684138841342,95.60093928672569,11118.157585268666,11455.967423468459,23034.00000000003
2025-03-19 14:35:26,31.798686534006034,37.13844379018651,5.0543942732888505,70.2909284140439,11311.100991599948,11263.024020523166,23034.0
2025-03-19 14:35:28,39.69476012305747,39.439344573211386,5.368031240698901,95.62811454092657,11087.215702467474,11486.909311823332,23034.00000000003
2025-03-19 14:35:31,31.98510359903015,37.237534851791445,5.069101716987552,70.40880214210513,11287.45476061294,11286.670249688783,23034.0
2025-03-19 14:35:33,39.78039100099214,39.57327281904788,5.388163062196882,95.59277738087344,11057.039418089951,11517.085595944212,23034.00000000003
2025-03-19 14:35:36,32.03590642725057,37.32370829427606,5.081859971455623,70.55400577762339,11264.307415602207,11309.817593332975,23033.999999999996
2025-03-19 14:35:38,39.77405006466742,39.64884813773752,5.399407587769704,95.61034679743943,11031.321144050562,11542.80386367373,23034.00000000003
2025-03-19 14:35:41,32.02049289071505,37.37048579508181,5.088590518666471,70.70817343201284,11247.65105065029,11326.473957745571,23033.999999999985
2025-03-19 14:35:43,39.696417262087024,39.69385565521421,5.406000099120174,95.64124336724655,11010.712344993115,11563.412659633774,23034.00000000003
2025-03-19 14:35:46,32.00437841730803,37.41110067504058,5.094404710199953,70.84510823802098,11231.90708282517,11342.217921358453,23033.999999999978
2025-03-19 14:35:48,39.63054559566404,39.72908101512291,5.411138969362164,95.67173227141096,10992.208708746133,11581.916296226475,23034.00000000003
2025-03-19 14:35:51,32.00761810689479,37.44524350632838,5.099252144002053,70.9961704855429,11218.657097667412,11355.467908240173,23033.999999999978
2025-03-19 14:35:53,39.56740528688737,39.75629288600683,5.415081144341676,95.67660312451748,10977.146229976395,11596.97877354181,23034.00000000003
2025-03-19 14:35:56,31.989434684967325,37.47598181148551,5.10358021130605,71.13330765093886,11207.831877535178,11366.293126794877,23033.999999999978
2025-03-19 14:35:58,39.491264953292074,39.78066857518537,5.418573207711621,95.6886720774821,10965.306383383955,11608.818618956888,23034.000000000033
2025-03-19 14:36:01,31.982699869060642,37.50523211993221,5.107731807480277,71.28133779425745,11199.269756614267,11374.855247274341,23033.999999999978
2025-03-19 14:36:03,39.4332913469938,39.80360983811508,5.421969248560493,95.62774358385185,10956.531710113324,11617.593291848332,23034.00000000003
2025-03-19 14:36:06,31.973787046682798,37.533302261523836,5.111753742755065,71.3911637344405,11193.052369196577,11381.072632742227,23033.999999999978
2025-03-19 14:36:08,39.38538434457403,39.82486280995745,5.425111049425806,95.65748202609029,10950.904726483961,11623.2202744398,23034.000000000033
2025-03-19 14:36:11,31.96929042589169,37.55965436018413,5.115518647261551,71.52624057135154,11189.673994216668,11384.4510063338,23033.99999999998
2025-03-19 14:36:13,39.31687790907734,39.84439530390198,5.4279992156914885,95.6868387791711,10949.406833821397,11624.71816609193,23034.00000000003
2025-03-19 14:36:16,31.958259424221072,37.58571662726474,5.1192522078702725,71.670047605701,11189.534870096844,11384.59012950777,23033.99999999998
2025-03-19 14:36:18,39.254153735415095,39.8638846213694,5.430882869588905,95.71578409180621,10952.298294477961,11621.826704446194,23034.000000000033
2025-03-19 14:36:21,31.95718757690942,37.61152846079129,5.12294363804754,71.81240910479016,11192.625975676023,11381.499022243037,23033.99999999998
2025-03-19 14:36:23,39.204372122129236,39.88294393995774,5.433690908181785,95.74434736707833,10960.087085735418,11614.037911472873,23034.00000000004
2025-03-19 14:36:26,31.958552554004143,37.63714743350933,5.126602810702447,71.94133041559388,11199.923407998971,11374.20158861066,23033.99999999998
2025-03-19 14:36:28,39.160472071661424,39.902266847836195,5.4365195439388225,95.69970836862232,10973.156757555273,11600.968238749792,23034.000000000036
2025-03-19 14:36:31,31.980435323919487,37.66278941387956,5.130270467417181,72.08094659647054,11210.84356375123,11363.281429373865,23033.999999999978
2025-03-19 14:36:33,39.205318697064605,39.92332899002391,5.439630932448972,95.71812067122956,10990.604908810159,11583.52008616976,23034.000000000036
2025-03-19 14:36:36,32.0192315682564,37.69194325405425,5.134446663417697,72.21913958739943,11225.035344437536,11349.089646796658,23033.99999999998
2025-03-19 14:36:38,39.150354870911585,39.94658219603447,5.443075550211223,95.67406084020963,11012.33729457066,11561.787699798213,23034.00000000004
2025-03-19 14:36:41,32.0052309923736,37.720172177149,5.138513289540187,72.34318568779757,11242.723831555353,11331.40116280674,23033.999999999978
2025-03-19 14:36:43,39.08628220686158,39.96960662710528,5.446461483075566,95.68230805857912,11038.378622648093,11535.746370406265,23034.00000000004
2025-03-19 14:36:46,32.00090820301035,37.748480621880546,5.1425877755531015,72.44445930215946,11263.220656749256,11310.904335110576,23033.99999999998
2025-03-19 14:36:48,39.03726499432742,39.993071635821245,5.449932918712206,95.69207043816489,11068.081315679297,11506.04367598914,23034.00000000004
2025-03-19 14:36:51,31.999229188859957,37.776938915578704,5.146680447849353,72.57887620551483,11286.564283876696,11287.560706823973,23033.999999999978
2025-03-19 14:36:53,38.989311432803575,40.016163951388556,5.453346516986689,95.69211757781406,11101.42492039225,11472.700070957155,23034.000000000044
2025-03-19 14:36:56,32.00907992833031,37.80491477349255,5.150716188895228,72.69840540748703,11312.608791537908,11261.51619572467,23033.999999999978
2025-03-19 14:36:58,38.97676531496283,40.03812813166309,5.45660180526194,95.70375674278809,11138.223040044519,11435.901951359974,23034.000000000036
2025-03-19 14:37:01,32.02492394312016,37.83140042201821,5.15452392589796,72.83029735468968,11341.588624816513,11232.536360106884,23033.999999999978
2025-03-19 14:37:03,38.92434775382034,40.05839858442419,5.459598577718024,95.7308982676503,11178.479299024299,11395.645690199772,23034.000000000036
2025-03-19 14:37:06,32.00790695236694,37.85712709693668,5.158226912012175,72.96092068346226,11373.217073138878,11200.907913240939,23033.999999999978
2025-03-19 14:37:08,38.85851656812402,40.077967165391584,5.4625097894948125,95.75773210365149,11222.239190711136,11351.885793891483,23034.00000000004
2025-03-19 14:37:11,31.99118837239346,37.88267892067407,5.161884512365571,73.05730810959969,11407.600879468311,11166.524106055112,23033.999999999975
2025-03-19 14:37:13,38.79439820400398,40.09775758344311,5.465426156355453,95.75501812417978,11269.408903801606,11304.71608506752,23034.000000000047
2025-03-19 14:37:16,31.975452573836026,37.908547389436556,5.16559116208658,73.1718261519628,11444.535838990143,11129.589145926466,23033.999999999975
2025-03-19 14:37:18,38.732946548976784,40.11769426394942,5.468385121053234,95.76568765049916,11319.852201505983,11254.272785850228,23034.000000000047
2025-03-19 14:37:21,31.964326899847784,37.93411106863738,5.169271517111725,73.23170888417796,11484.170255445051,11089.954723118262,23033.99999999997
2025-03-19 14:37:23,38.677668156606224,40.13734729192002,5.471321150802945,95.79060086736584,11373.530504319599,11200.594482555985,23034.000000000047
2025-03-19 14:37:26,31.95242898088877,37.95942178379601,5.172929420822877,73.34382767846597,11526.397463632571,11047.727519522166,23033.99999999997
2025-03-19 14:37:28,38.61980705651223,40.156655609920456,5.4742114822935655,95.81646335160002,11430.588947097047,11143.53603930514,23034.000000000044
2025-03-19 14:37:31,31.943995587657923,37.98438907972968,5.176542380659107,73.46897400059946,11571.100704004182,11003.024277483351,23033.999999999975
2025-03-19 14:37:33,38.58348274280965,40.1755423512537,5.477041464092615,95.81948634744523,11491.593309064545,11082.531673400605,23034.000000000047
2025-03-19 14:37:36,31.954147273840967,38.00925189257477,5.180144622061432,73.58077893380427,11621.130814224349,10952.994161516102,23033.99999999997
2025-03-19 14:37:38,38.54582622686456,40.19447798215131,5.479877162217926,95.81199778094062,11557.118232989016,11017.006747343572,23034.000000000047
2025-03-19 14:37:41,31.951190467412786,38.033568925274274,5.183654723450157,73.6822687198547,11671.024501272954,10903.1004792229,23033.99999999997
2025-03-19 14:37:43,38.49459697344774,40.21317974673298,5.48268276614283,95.79654192823804,11622.519845934006,10951.605138581719,23034.000000000047
2025-03-19 14:37:46,31.928175038725914,38.058853045899134,5.187307874427841,73.804109927345,11720.80355585545,10853.321422739476,23033.999999999967
2025-03-19 14:37:48,38.42245132708195,40.232875042302965,5.485625113357375,95.80735903389926,11687.240394849492,10886.88458843696,23034.000000000047
2025-03-19 14:37:51,31.935599984254804,38.085481418231424,5.191179024583971,73.92482859433574,11770.123965312012,10804.001011319764,23033.999999999967
2025-03-19 14:37:53,38.45110586061394,40.25609011876126,5.489099170386712,95.82399103914678,11751.339102293181,10822.785880959944,23034.00000000005
2025-03-19 14:37:56,31.971123935319458,38.115156440124,5.195485296885046,74.0055271365377,11819.52370410419,10754.601276953344,23033.999999999967
2025-03-19 14:37:58,38.39929728853626,40.281709639875984,5.492915186354707,95.80589458303132,11815.164954254024,10758.960030087226,23034.000000000047
2025-03-19 14:38:01,31.94574128139341,38.144767629392355,5.19978303799495,74.1201284375815,11868.627809480162,10705.49717546485,23033.999999999967
2025-03-19 14:38:03,38.32845298117466,40.307114145553506,5.4967030694096755,95.81762961105588,11878.455200734437,10695.669773222167,23034.000000000047
2025-03-19 14:38:06,31.920058834179734,38.174109545831584,5.204042343115023,74.20597528505772,11917.285393631782,10656.839589996745,23033.999999999964
2025-03-19 14:38:08,38.2580795182711,40.332236987418774,5.500448132769946,95.83313812495736,11941.043627053281,10633.081356781822,23034.00000000005
2025-03-19 14:38:11,31.89885356525875,38.20326487986953,5.208280092587829,74.30097997972193,11965.502734930342,10608.622248365946,23033.999999999967
2025-03-19 14:38:13,38.194070865835016,40.357295945736794,5.504199415716721,95.83005289619769,12002.81423192211,10571.310754066817,23034.00000000005
2025-03-19 14:38:16,31.874101538024775,38.23236090512417,5.212516105234432,74.41674103200252,12013.285545635363,10560.83943762078,23033.999999999964
2025-03-19 14:38:18,38.12574791252712,40.38201232293509,5.507889971354081,95.85414919743583,12063.896509967286,10510.228472538423,23034.000000000047
2025-03-19 14:38:21,31.84967507904221,38.260915480781435,5.216659230903351,74.53146488479442,12060.64019395342,10513.484784078384,23033.99999999996
2025-03-19 14:38:23,38.06363563244061,40.40626381682065,5.511509317524358,95.85842990257113,12124.32083002451,10449.804154603293,23034.000000000047
2025-03-19 14:38:26,31.892639725979915,38.28921490225339,5.220775272177497,74.64516329687773,12107.571625380297,10466.553359014544,23033.999999999956
2025-03-19 14:38:28,38.07548296674494,40.43024005761637,5.515096067444921,95.85742894600338,12184.059335909058,10390.065648419155,23034.000000000044
2025-03-19 14:38:31,31.869122513626277,38.31726292382314,5.224857985444132,74.74807334104557,12154.086193751426,10420.038784020868,23033.999999999953
2025-03-19 14:38:33,38.01412907362143,40.4539102674925,5.518639541321428,95.8286504089669,12243.035343217092,10331.089641171106,23034.000000000044
2025-03-19 14:38:36,31.855168801045323,38.34506287408139,5.22890306499183,74.85980857113937,12200.18937160734,10373.935599559054,23033.999999999953
2025-03-19 14:38:38,37.99760806324844,40.47736170959865,5.52215770626791,95.84262508222163,12301.466288389329,10272.65869675527,23034.000000000044
2025-03-19 14:38:41,31.88633274939511,38.37289848807621,5.232955877343194,74.93804760573809,12245.932476939504,10328.19250604542,23033.999999999953
2025-03-19 14:38:43,37.96165325528587,40.50098356548072,5.525675626682476,95.85516354574233,12359.12595692811,10214.99902757947,23034.000000000047
2025-03-19 14:38:46,31.872710569876528,38.40079543931202,5.2370060405494705,75.04785375925069,12291.180762017348,10282.944224453566,23033.999999999953
2025-03-19 14:38:48,37.905374651260296,40.52467317506628,5.529231456564752,95.86265772873986,12416.207756372398,10157.917222645332,23034.00000000004
2025-03-19 14:38:51,31.867624880712068,38.428302885057356,5.24102226856146,75.14719628626516,12336.08092141888,10238.044062308842,23033.999999999953
2025-03-19 14:38:53,37.86804846679009,40.54812872109366,5.532738548155386,95.8845778085593,12472.52788488186,10101.597100921297,23034.000000000044
2025-03-19 14:38:56,31.852993996437295,38.45641667505563,5.245104728684315,75.25525192831219,12380.209203360133,10193.915778556491,23033.999999999953
2025-03-19 14:38:58,37.810370596060096,40.57202569589756,5.53630962796234,95.87969323246155,12527.745285361738,10046.37969966031,23034.000000000044
2025-03-19 14:39:01,31.830068847353225,38.48388981940114,5.249132511500601,75.33985416125982,12424.025164037203,10150.099814339548,23033.999999999953
2025-03-19 14:39:03,37.75062584549851,40.5952641626305,5.539820386677878,95.902339920694,12582.630295547278,9991.494688923109,23034.000000000044
2025-03-19 14:39:06,31.807549703639445,38.51111444102118,5.2531193576745006,75.43579770136667,12467.60828088362,10106.516703667627,23033.999999999953
2025-03-19 14:39:08,37.68761189319434,40.618232529298886,5.543283578321834,95.91439767863382,12636.996813262938,9937.128174080952,23034.000000000047
2025-03-19 14:39:11,31.785727306841864,38.53810528311855,5.2570674281779235,75.54122312874297,12510.8171823615,10063.307802322131,23033.999999999953
2025-03-19 14:39:13,37.628044571372335,40.640954987909495,5.546702916984903,95.89418257338967,12690.78125929874,9883.343726684363,23034.00000000005
2025-03-19 14:39:16,31.761942818540955,38.564865481402954,5.260975683014454,75.63723252874382,12553.656848329634,10020.46813588742,23033.999999999953
2025-03-19 14:39:18,37.568007475762336,40.66343835352657,5.550074048847595,95.90340425349015,12743.999775321796,9830.125211553304,23034.000000000047
2025-03-19 14:39:21,31.741194002595595,38.591398181414675,5.264837348866575,75.74090472051323,12596.132319831804,9977.992663664902,23033.999999999956
2025-03-19 14:39:23,37.509194716940286,40.68567262722955,5.553388974883,95.9254237425097,12796.628680153888,9777.49630665249,23034.000000000047
2025-03-19 14:39:26,31.721317884988224,38.617705572702455,5.268655161352846,75.84200082616809,12638.247090978137,9935.87789526662,23033.99999999996
2025-03-19 14:39:28,37.453503678208165,40.70767026729021,5.556663712554601,95.94720881717996,12848.697481287763,9725.42750617737,23034.000000000044
2025-03-19 14:39:31,31.69967910010352,38.64379119584445,5.272438107248455,75.94393331180478,12680.006857775308,9894.118127171423,23033.999999999956
2025-03-19 14:39:33,37.39543202729601,40.7294468883,5.5598994789150495,95.96877504315684,12900.24311855048,9673.881868627477,23034.00000000004
2025-03-19 14:39:36,31.67760343684975,38.66965766456843,5.276184268896346,76.00765112195151,12721.415773530853,9852.709208903108,23033.999999999956
2025-03-19 14:39:38,37.33776363839339,40.750981489226525,5.563095566545107,95.97536344674283,12951.21589063268,9622.909093749746,23034.00000000004
2025-03-19 14:39:41,31.657835764491608,38.69530756834507,5.279901177651778,76.08834187489876,12762.478005786917,9811.646978756457,23033.999999999956
2025-03-19 14:39:43,37.28382554224041,40.77230010776224,5.566262588733207,95.95656407629129,13001.677425330992,9572.447561824487,23034.000000000036
2025-03-19 14:39:46,31.63681251137616,38.72074376116253,5.283587186559473,76.18797365432148,12803.198101129763,9770.926883866576,23033.999999999956
2025-03-19 14:39:48,37.22662085947408,40.79333163091596,5.569389258543225,95.96106295179843,13051.560780870333,9522.564208206612,23034.000000000036
2025-03-19 14:39:51,31.614347448166164,38.74564862077206,5.287212706863233,76.267691437077,12843.580299869336,9730.544683320915,23033.99999999996
2025-03-19 14:39:53,37.169154329259925,40.81368042207824,5.572440392486651,95.9664714525143,13100.95911123372,9473.165875500055,23034.000000000036
2025-03-19 14:39:56,31.592707057963345,38.77025334434702,5.2908012102819555,76.35666178093126,12883.62870837912,9690.496276784388,23033.999999999956
2025-03-19 14:39:58,37.11535773975008,40.83381221697582,5.5754661687659475,95.9816790933217,13149.830660873293,9424.294327154868,23034.000000000033
2025-03-19 14:40:01,31.578064327036188,38.79465564865273,5.294369111520111,76.44489727308122,12923.347686547135,9650.777298342675,23033.999999999953
2025-03-19 14:40:03,37.067688372911235,40.853740765755795,5.578468799858752,95.9963188690192,13198.208814357422,9375.916173610909,23034.000000000036
2025-03-19 14:40:06,31.55887015303577,38.818857835274194,5.29791118139416,76.53159261229793,12962.740907151352,9611.38407676365,23033.999999999956
2025-03-19 14:40:08,37.01532496825686,40.871998089256735,5.581227803447755,96.0015138935902,13246.073803710313,9328.051183333124,23034.000000000033
2025-03-19 14:40:11,31.54236957496025,38.831690230895894,5.299736387044311,76.58983837365255,13001.812935786653,9572.312052376288,23033.999999999956
2025-03-19 14:40:13,36.96416577227895,40.87323827287366,5.581402039688378,96.01870542628018,13293.536098107024,9280.588889738045,23034.000000000033
2025-03-19 14:40:16,31.52275298625262,38.84091103154913,5.3010199421853725,76.68500234076629,13040.567285181656,9533.557698214143,23033.999999999956
2025-03-19 14:40:18,36.911838093028656,40.874388656651654,5.581578306955701,96.03077610958087,13340.420507609153,9233.704481843039,23034.000000000033
2025-03-19 14:40:21,31.501551472142932,38.85005704191118,5.302301431675696,76.77049100150221,13079.006974454667,9495.118010001783,23033.999999999956
2025-03-19 14:40:23,36.85760972356047,40.87552917725437,5.581762064617902,96.01547968974704,13386.902934344118,9187.222051980352,23034.000000000033
2025-03-19 14:40:26,31.48115154008421,38.859129388681204,5.3035753894146085,76.86139906628428,13117.137225952343,9456.987757565836,23033.99999999995
2025-03-19 14:40:28,36.80851753422859,40.87665682659277,5.581949991276299,96.035496310074,13432.860850301442,9141.264137980503,23034.00000000003
2025-03-19 14:40:31,31.47535406573515,38.86819707912108,5.30485284538096,76.9450237218517,13154.961219098388,9419.163765983483,23033.99999999995
2025-03-19 14:40:33,36.776633028863984,40.878003592929616,5.582153781159822,96.05214196402966,13478.463483156156,9095.66150479912,23034.000000000036
2025-03-19 14:40:36,31.459108719535646,38.877524288151,5.306128251545968,77.01090497066615,13192.482598191893,9381.64239194211,23033.99999999995
2025-03-19 14:40:38,36.72675140940482,40.87960520826065,5.58236123325412,96.0618227420386,13523.512396576352,9050.612591310173,23034.000000000036
2025-03-19 14:40:41,31.444841532851594,38.886845248546244,5.307409118341474,77.07303382950742,13229.705023084203,9344.419958230457,23033.99999999995
2025-03-19 14:40:43,36.683874874683504,40.88141170610476,5.582602883788146,96.08127146617136,13568.017256363344,9006.107732539185,23034.000000000036
2025-03-19 14:40:46,31.42671347137989,38.89642125808846,5.308723394648241,77.16401378663689,13266.632023699198,9307.492962029964,23033.99999999995
2025-03-19 14:40:48,36.63410136941226,40.88347500878207,5.582880694275985,96.05946511871514,13612.218792385209,8961.906196090204,23034.00000000004
2025-03-19 14:40:51,31.406335188091717,38.90592156594387,5.31002965083872,77.24557259409596,13303.267105852365,9270.857880354346,23033.99999999995
2025-03-19 14:40:53,36.58287267080923,40.88551446604787,5.583157475517089,96.07875940500178,13655.909491648676,8918.215498079679,23034.000000000044
2025-03-19 14:40:56,31.385771469992736,38.91534706379637,5.311328500896163,77.3265104437288,13339.613707130668,9234.511275346846,23033.99999999995
2025-03-19 14:40:58,36.53390264908013,40.8875373076769,5.583436864990635,96.09034056072463,13699.244238863452,8874.88075121491,23034.000000000036
2025-03-19 14:41:01,31.39090323662512,38.901024766192585,5.309095403257478,77.38796366762593,13352.827405529022,9221.29760258617,23033.999999999953
2025-03-19 14:41:03,36.51520968175455,40.825090930157515,5.5740790728804175,96.09170657144877,13692.389957568223,8881.735050389534,23034.00000000004
2025-03-19 14:41:06,31.370266816224127,38.846723736482524,5.300892074724437,77.46769601578947,13327.246717586871,9246.878290566941,23033.999999999953
2025-03-19 14:41:08,36.465276538510295,40.74854151959418,5.562640203168955,96.10686513402507,13659.070225957857,8915.054781916448,23034.000000000036
2025-03-19 14:41:11,31.349673584046577,38.79284557094626,5.292754526985638,77.54681486765614,13301.865229401026,9272.259780509816,23033.999999999953
2025-03-19 14:41:13,36.415107705171394,40.672847295828944,5.551331354707599,96.11499758766826,13626.122725892656,8948.002281650333,23034.000000000036
2025-03-19 14:41:16,31.378262227845912,38.74023466122108,5.284810181771691,77.61212567029874,13276.680421217789,9297.444588566217,23033.999999999953
2025-03-19 14:41:18,36.43373373962325,40.6000523530428,5.54044576358947,96.13008045086454,13593.529231907894,8980.595776277803,23034.000000000033
2025-03-19 14:41:21,31.36347422851876,38.6898862242038,5.277207038439317,77.69161223867472,13251.690075165785,9322.434932601105,23033.99999999995
2025-03-19 14:41:23,36.38856150086509,40.52903704714415,5.529852739602327,96.12878397311911,13561.170475423101,9012.95453281346,23034.000000000033
2025-03-19 14:41:26,31.347631535411825,38.63966387867688,5.269632245469259,77.76894968575527,13226.892046767067,9347.232963212844,23033.999999999953
2025-03-19 14:41:28,36.34822213955373,40.45800686048176,5.519255577359882,96.11591511588536,13529.14274196573,9044.982267467742,23034.000000000036
2025-03-19 14:41:31,31.447450366415616,38.591050748240704,5.262290207865267,77.78245313079252,13202.283907695139,9371.841104463714,23033.99999999995
2025-03-19 14:41:33,36.52621020543071,40.39279977831819,5.509513848764646,96.11679217797813,13497.176938620625,9076.948071324841,23034.000000000033
2025-03-19 14:41:36,31.682539517457233,38.55380161126134,5.256648624117785,77.76788064787515,13177.921742526407,9396.203271733068,23033.99999999995
2025-03-19 14:41:38,36.81394193506271,40.34461090061442,5.50231385643958,95.96182665672173,13465.938474917526,9108.1865376165,23034.000000000036
2025-03-19 14:41:41,31.920548145388135,38.53050998592022,5.253075246366669,77.82256233770705,13153.778979250883,9420.346035814991,23033.99999999995
2025-03-19 14:41:43,37.072730474368896,40.31361787836349,5.497689402063897,95.97922547136396,13435.040318975245,9139.084693077886,23034.000000000036
2025-03-19 14:41:46,32.02460503037032,38.517472864392595,5.25106750625902,77.9065676884675,13129.803259337723,9444.321749834058,23033.999999999945
2025-03-19 14:41:48,37.0985010654495,40.291087525180934,5.494321552263713,95.9978772731418,13404.373510227155,9169.751501157423,23034.000000000036
2025-03-19 14:41:51,32.090407233835506,38.50856811970306,5.249662524387232,77.98993915194596,13106.008480438395,9468.11653350012,23033.99999999995
2025-03-19 14:41:53,37.19817129372886,40.27527236218049,5.491980977653865,95.99512211410293,13373.871390188442,9200.253623516513,23034.000000000036
2025-03-19 14:41:56,32.14270280877242,38.50552583250184,5.249162998632422,78.03955772857486,13082.392701434417,9491.732308305774,23033.99999999995
2025-03-19 14:41:58,37.18729882538528,40.26412001822077,5.490344465487014,96.0135512623658,13343.731843834918,9230.393163675664,23034.000000000036
2025-03-19 14:42:01,32.14618712205088,38.50460483303746,5.248929376070948,78.12027881551977,13061.625366178378,9512.499640904018,23033.99999999995
2025-03-19 14:42:03,37.17622946059779,40.255840162464104,5.489078202716436,96.02325708433568,13318.726752579314,9255.39825501111,23034.000000000036
2025-03-19 14:42:06,32.13747277301584,38.504376944168726,5.2487788896505645,78.17028325490801,13043.118019240832,9531.006989205958,23033.999999999953
2025-03-19 14:42:08,37.137716075570594,40.24733449705565,5.4877797940908,96.02605452153642,13295.210807026668,9278.914198510465,23034.000000000033
2025-03-19 14:42:11,32.12845405322228,38.503914563304036,5.248608343625551,78.23758362756891,13026.416984137153,9547.708021984898,23033.99999999995
2025-03-19 14:42:13,37.10170178824044,40.239014941887135,5.486508418628642,96.04289861363557,13274.48239825044,9299.642608895427,23034.000000000033
2025-03-19 14:42:16,32.13122678023583,38.50203741003052,5.248227951430592,78.31818438685745,13011.975426966283,9562.149578505245,23033.999999999953
2025-03-19 14:42:18,37.1108668987192,40.22635563866065,5.484583316656582,96.06078016771662,13256.806568539778,9317.318435168501,23034.00000000003
2025-03-19 14:42:21,32.140941162541864,38.49468980337583,5.247025510649891,78.39819361037834,13000.115996613735,9574.009006871125,23033.99999999995
2025-03-19 14:42:23,37.07511514105371,40.20959352686213,5.482046873729821,96.05170889756293,13242.128496454268,9331.99650933813,23034.000000000033
2025-03-19 14:42:26,32.127162159572045,38.487416707414845,5.245835992598537,78.47761176471104,12990.541444566492,9583.583557825194,23033.99999999995
2025-03-19 14:42:28,37.0349489902028,40.193144239614575,5.4795487273779795,96.04789852617552,13230.379751054084,9343.74525142722,23034.00000000003
2025-03-19 14:42:31,32.11681320294945,38.48035675414043,5.244697485452171,78.55644587501712,12983.419289129435,9590.705713725181,23033.99999999995
2025-03-19 14:42:33,37.00743103586641,40.176979560280174,5.477142363801911,96.06554209839388,13221.514498997105,9352.610502941292,23034.00000000003
2025-03-19 14:42:36,32.116481483110064,38.47300948204607,5.24354167876278,78.63470827230834,12978.572811648079,9595.55218993566,23033.999999999945
2025-03-19 14:42:38,36.981250057515666,40.16042807588925,5.474675234455844,96.04543697992474,13215.436794415282,9358.688206723438,23034.00000000003
2025-03-19 14:42:41,32.10521176616908,38.4656761055472,5.242374133987856,78.71239894695331,12976.083601686134,9598.041398881487,23033.99999999995
2025-03-19 14:42:43,36.942835115654454,40.14387754293486,5.472222009204381,96.05517652600356,13212.210561764281,9361.914438754158,23034.000000000025
2025-03-19 14:42:46,32.09141104071207,38.45848162594049,5.241240859270448,78.78083514285332,12975.71697157485,9598.408028130509,23033.99999999995
2025-03-19 14:42:48,36.90494267583222,40.128002043835636,5.469856404742907,96.06463345725064,13211.735659799666,9362.389339985435,23034.00000000003
2025-03-19 14:42:51,32.079454615495365,38.45175920710765,5.240165065086694,78.84949231639312,12977.760617671409,9596.36438105574,23033.99999999995
2025-03-19 14:42:53,36.8685658863974,40.11244942146024,5.46753509782723,96.07049651767173,13214.027001158425,9360.0979978768,23034.000000000033
2025-03-19 14:42:56,32.06629678254531,38.44517015719384,5.239113027594882,78.92199083205551,12981.966035156132,9592.158961770265,23033.999999999953
2025-03-19 14:42:58,36.83566981318584,40.09709088491241,5.465242532831421,96.06669541425626,13219.067327332383,9355.057671073284,23034.000000000033
2025-03-19 14:43:01,32.060718684328,38.43821163400123,5.237988955468866,78.96239937189132,12988.44374168966,9585.681255198768,23033.999999999953
2025-03-19 14:43:03,36.8059789904504,40.081463849555455,5.462900977419839,96.08378308043899,13226.752989196906,9347.37200823463,23034.000000000033
2025-03-19 14:43:06,32.050890360022564,38.43140515802817,5.236895180924938,79.02896047329776,12997.048653936476,9577.076341666298,23033.999999999953
2025-03-19 14:43:08,36.78016026673442,40.0662887479055,5.460649578100019,96.10073850839353,13237.117859423723,9337.007137850458,23034.000000000033
2025-03-19 14:43:11,32.0545514385818,38.425030106770194,5.235878956134312,79.09505210020367,13007.815859678474,9566.309135469437,23033.999999999956
2025-03-19 14:43:13,36.762140309317246,40.05164983221825,5.458471033712323,96.11504257981838,13250.247889186474,9323.877104921155,23034.00000000003
2025-03-19 14:43:16,32.06263170601358,38.4183584593697,5.234819456816326,79.1439549823445,13020.628540141908,9553.496452242585,23033.999999999953
2025-03-19 14:43:18,36.75113118486356,40.03654017172404,5.456223972193187,96.08998532949121,13265.57526681999,9308.549729017452,23034.000000000033
2025-03-19 14:43:21,32.0624809863374,38.41143485538802,5.233715736932162,79.20490538308559,13035.696956496351,9538.428035820905,23033.999999999956
2025-03-19 14:43:23,36.72543235507228,40.02026427152691,5.453806909339663,96.10670202629991,13283.603023325632,9290.521971426873,23034.000000000033
2025-03-19 14:43:26,32.04926548812014,38.40329603554368,5.232443987683663,79.27652521248046,13052.805012346185,9521.319979517015,23033.999999999956
2025-03-19 14:43:28,36.689864925939546,40.00343702451366,5.451317694480217,96.11798036057553,13304.102986585785,9270.022007596952,23034.000000000036
2025-03-19 14:43:31,32.03708692558906,38.395144001586885,5.231150132376483,79.34083990490142,13072.033099101012,9502.091893093704,23033.999999999956
2025-03-19 14:43:33,36.656238497837705,39.986759564784265,5.4488255791034135,96.10314105176033,13327.096780565747,9247.028213559024,23034.000000000033
2025-03-19 14:43:36,32.0240893020835,38.38711903494547,5.229870344125271,79.35271762342781,13093.24164690919,9480.883344810416,23033.999999999953
2025-03-19 14:43:38,36.62020512192671,39.970335279663004,5.446359984991362,96.11356387131094,13352.60505494597,9221.519938469624,23034.000000000033
2025-03-19 14:43:41,32.01179399990031,38.379275773271786,5.228626881361421,79.4138565674734,13116.542421976119,9457.582568000216,23033.999999999953
2025-03-19 14:43:43,36.584773551044854,39.954249840189746,5.443958326151908,96.1215871038509,13380.46538527448,9193.659607053474,23034.00000000003
2025-03-19 14:43:46,32.00007032431263,38.37170884944418,5.227428313346247,79.48383859900149,13141.865486092118,9432.259502257033,23033.999999999953
2025-03-19 14:43:48,36.55254498163689,39.93865870788344,5.441634864793828,96.0874458337212,13410.74162929752,9163.383358443549,23034.000000000033
2025-03-19 14:43:51,31.988235241921284,38.364249778423755,5.226264411612725,79.53476001252761,13169.131653138902,9404.993331116999,23033.999999999953
2025-03-19 14:43:53,36.52666400063195,39.92339158264125,5.439356968646365,96.08178266998375,13444.09046447974,9130.034519754181,23034.000000000033
2025-03-19 14:43:56,31.983808896527968,38.35702107919052,5.225126296896897,79.60532951894612,13200.428343583266,9373.696637871071,23033.999999999956
2025-03-19 14:43:58,36.49949325079889,39.90828412867588,5.4371078717587915,96.09803849643396,13480.770768592394,9093.35421840234,23034.000000000036
2025-03-19 14:44:01,31.997244523625127,38.35026992503735,5.224060874816895,79.66992145546676,13231.796766737845,9342.328216106724,23033.999999999953
2025-03-19 14:44:03,36.521822124187196,39.894909990424644,5.435125944754316,96.1034091397566,13517.578640240125,9056.546349550472,23034.000000000036
2025-03-19 14:44:06,32.069274554600945,38.34686428574823,5.223499464792034,79.7300178712696,13263.518511145427,9310.606451711137,23033.999999999953
2025-03-19 14:44:08,36.60190996692991,39.885278374694785,5.433697509977507,96.10875300333352,13554.780006645213,9019.344981267293,23034.000000000036
2025-03-19 14:44:11,32.195420993423284,38.350048804365024,5.22390874459852,79.75753556474366,13295.278360016335,9278.846622962268,23033.999999999956
2025-03-19 14:44:13,36.7546398073696,39.88773495979204,5.434072534042125,96.09087244033076,13591.650686229843,8982.474299648373,23034.00000000004
2025-03-19 14:44:16,32.32109140262465,38.35149326520795,5.224073512150136,79.81479349785047,13326.795774077951,9247.329212849878,23033.99999999996
2025-03-19 14:44:18,36.84783775759793,39.88307209593818,5.433379421845947,96.10662258562557,13628.288970005688,8945.836016498282,23034.000000000036
2025-03-19 14:44:21,32.346493454325014,38.354364535229884,5.224446901244279,79.8832181601106,13358.115304701105,9216.009676818048,23033.99999999996
2025-03-19 14:44:23,36.839440031720585,39.879877076685624,5.432912066244827,96.0882910025041,13664.570628461252,8909.554362925883,23034.000000000036
2025-03-19 14:44:26,32.33153308124506,38.35628980324223,5.224672838475612,79.94374188682116,13389.227410161091,9184.897575203593,23033.999999999964
2025-03-19 14:44:28,36.80060938818101,39.87597224000858,5.43232289696843,96.10262834827182,13700.647279430514,8873.477711157671,23034.000000000033
2025-03-19 14:44:31,32.31948300470297,38.35793299315074,5.224852780429561,79.9870250482095,13420.130026275012,9153.994961467137,23033.999999999964
2025-03-19 14:44:33,36.78011078706487,39.8717936459803,5.43170851926899,96.10736248534042,13736.410897137222,8837.714093818708,23034.000000000036
2025-03-19 14:44:36,32.315474989664374,38.35967062491996,5.2250594344287755,80.03941107059738,13450.825244727148,9123.29974640109,23033.999999999964
2025-03-19 14:44:38,36.74823733313868,39.86791328335926,5.431139244981723,96.08233074809857,13771.95149393266,8802.173473847868,23034.000000000036
2025-03-19 14:44:41,32.35145114241766,38.36142550584347,5.225283110562791,80.08760607930788,13481.3151816621,9092.809803569351,23033.999999999967
2025-03-19 14:44:43,36.79220751838685,39.85551299447421,5.429345519741373,96.09680829459809,13792.091416151408,8782.033591652296,23034.00000000004
2025-03-19 14:44:46,32.357618450008836,38.335383121889976,5.221378539771979,80.14402341611822,13461.374357270377,9112.750650473035,23033.99999999997
2025-03-19 14:44:48,36.76639412602363,39.81761855314885,5.423741045214882,96.10005916342291,13764.317906669428,8809.807100463891,23034.00000000004
2025-03-19 14:44:51,32.37671950919436,38.31175284273108,5.217845428301648,80.1997922705119,13439.323824805999,9134.801183940943,23033.999999999975
2025-03-19 14:44:53,36.773322740235905,39.785648080394424,5.4190439556702055,96.08405025834345,13736.772850829027,8837.352156631801,23034.00000000004
2025-03-19 14:44:56,32.393494891677506,38.292224487780636,5.214931543548662,80.26535598570904,13417.419384970008,9156.705628963115,23033.99999999997
2025-03-19 14:44:58,36.78146708826696,39.75774211181239,5.4149577498580905,96.0925726723423,13709.334930044075,8864.790081112938,23034.00000000004
2025-03-19 14:45:01,32.48954523293498,38.27881091205776,5.2129236879144285,80.32388639242176,13395.659559829472,9178.465449669875,23033.999999999975
2025-03-19 14:45:03,36.89139457061267,39.73898229605092,5.412253296073615,96.09772637737018,13682.35768136326,8891.767324954608,23034.000000000044
2025-03-19 14:45:06,32.50085040738358,38.26931242894881,5.211527198138879,80.34938716739838,13374.042872587614,9200.08213624605,23033.99999999997
2025-03-19 14:45:08,36.85292861366768,39.7219899056045,5.409817549023012,96.11144990724776,13655.405532234483,8918.71947499818,23034.00000000004
2025-03-19 14:45:11,32.59777975407328,38.278145030791435,5.212864391716556,80.38364797725757,13352.56745340055,9221.55755897128,23033.999999999975
2025-03-19 14:45:13,37.03953117437163,39.74884104889896,5.413913404654573,96.10469574534574,13628.764434955276,8945.360576000625,23034.00000000004
2025-03-19 14:45:16,32.68091632571229,38.323174128084986,5.219563767173898,80.44038864990102,13331.233495072938,9242.89151322463,23033.999999999978
2025-03-19 14:45:18,37.04898134980093,39.79630553143155,5.421048838454538,96.11983849508032,13602.312054069886,8971.812952206827,23034.000000000044
2025-03-19 14:45:21,32.698279968179286,38.366377865357066,5.226009393717107,80.50410067001437,13310.037922024292,9264.087085243242,23033.999999999978
2025-03-19 14:45:23,37.06391005363916,39.84152619193385,5.427854134952281,96.11268105177022,13576.008855676999,8998.116150708094,23034.000000000044
2025-03-19 14:45:26,32.72461537798855,38.40857939451933,5.232295579398845,80.56335948202751,13288.979901679511,9285.145108941202,23033.999999999975
2025-03-19 14:45:28,37.06622703045548,39.886168832601804,5.4345810074450105,96.08561528095905,13549.794440733065,9024.330570899565,23034.000000000044
2025-03-19 14:45:31,32.75424975616825,38.44995435819809,5.238464279276367,80.62510515939775,13268.058255174705,9306.066756299122,23033.99999999998
2025-03-19 14:45:33,37.09028566563164,39.92913826988695,5.441052990730565,96.09445007512277,13524.042133834158,9050.082873174528,23034.000000000044
2025-03-19 14:45:36,32.756031384602814,38.49020963434512,5.244461337955823,80.67083082038349,13247.271522558172,9326.85348709718,23033.999999999975
2025-03-19 14:45:38,37.06769914669211,39.97018690738572,5.4472240307805775,96.10578892165489,13498.440273829887,9075.684735580102,23034.000000000047
2025-03-19 14:45:41,32.83694503591493,38.52094363018359,5.249035718703025,80.68991974939641,13226.617942400755,9347.507071474596,23033.999999999975
2025-03-19 14:45:43,37.171811602387024,40.00472144612683,5.452420782705382,96.08593483238148,13472.867724159145,9101.257282438353,23034.00000000005
2025-03-19 14:45:46,32.871374864045755,38.570505219552125,5.256433121184461,80.71972950341325,13206.077117168557,9368.04789097243,23033.999999999975
2025-03-19 14:45:48,37.212335822872404,40.056879795047834,5.460139886403399,96.10077517542737,13447.658986719005,9126.466023253475,23034.00000000005
2025-03-19 14:45:51,32.902155936623096,38.61644351538041,5.263278184277795,80.77942468790226,13185.70853131513,9388.416478359264,23033.999999999978
2025-03-19 14:45:53,37.20999972068874,40.10462396364976,5.467329771712849,96.115542279501,13422.574645647612,9151.550363449684,23034.000000000047
2025-03-19 14:45:56,32.94118002314085,38.66022719788465,5.269805876238594,80.82155942121501,13165.445440329993,9408.679572796815,23033.999999999975
2025-03-19 14:45:58,37.24147377118238,40.150256028452745,5.474207673513174,96.12338697743097,13397.665836692735,9176.459170351714,23034.000000000047
2025-03-19 14:46:01,32.96150905657907,38.7026320967633,5.276119602341273,80.87508341294014,13145.317844113388,9428.80716744527,23033.999999999975
2025-03-19 14:46:03,37.26360720788685,40.19491517395379,5.480936758025033,96.11012126694203,13372.94606349701,9201.178947925786,23034.00000000005
2025-03-19 14:46:06,32.993822725128275,38.744297821965134,5.28233034291575,80.9334487730629,13125.314361150295,9448.810646546646,23033.99999999998
2025-03-19 14:46:08,37.27250445212571,40.23828820609566,5.487473236784093,96.10347457274672,13348.43391476206,9225.691091444198,23034.00000000005
2025-03-19 14:46:11,33.01565487396771,38.78554613497762,5.28849187125532,80.97506782064936,13105.436968636775,9468.688041587608,23033.99999999998
2025-03-19 14:46:13,37.2738111599307,40.281536837176155,5.493986683001156,96.10499390651009,13324.071120470004,9250.053886078053,23034.00000000005
2025-03-19 14:46:16,33.00856788930893,38.826137666740905,5.294537290558969,81.00430766431715,13085.68468340732,9488.440324862588,23033.999999999985
2025-03-19 14:46:18,37.281638014386246,40.31141721877799,5.498486371407532,96.08894804668944,13299.810251831748,9274.314754763775,23034.000000000047
2025-03-19 14:46:21,33.129780228945556,38.847704684456296,5.297735779069161,81.0450929184016,13066.056104741354,9508.068906059605,23033.999999999978
2025-03-19 14:46:23,37.37316993097958,40.3421826298462,5.503120932691958,96.06663758808033,13275.933891019798,9298.19111877681,23034.00000000005
2025-03-19 14:46:26,33.147177089635896,38.88233522627312,5.302883979690475,81.10432706056453,13046.550248977712,9527.574761872542,23033.999999999985
2025-03-19 14:46:28,37.40006265548571,40.37690740637644,5.50834518298666,96.060607184736,13252.137028859992,9321.987976969922,23034.00000000005
2025-03-19 14:46:31,33.17441334516192,38.9152693253321,5.307783347968143,81.15447246041198,13027.165969425507,9546.959041936943,23033.999999999985
2025-03-19 14:46:33,37.406943155609454,40.40988480565065,5.513291632855677,96.05471844135168,13228.52259564681,9345.602415324827,23034.00000000005
2025-03-19 14:46:36,33.215746904083886,38.94744278417679,5.312564376126843,81.179515428982,13007.902113336666,9566.222898070542,23033.999999999985
2025-03-19 14:46:38,37.436416598284445,40.44230572337415,5.5181704711332875,96.02950010821203,13205.069829827416,9369.055176389573,23034.000000000047
2025-03-19 14:46:41,33.2339947272586,38.97944577080718,5.317326543271078,81.22231254329125,12988.75740008275,9585.367610719557,23033.999999999985
2025-03-19 14:46:43,37.457956933741556,40.47455161417805,5.5230271878570525,96.00645610914222,13181.742481034504,9392.382525647541,23034.000000000047
2025-03-19 14:46:46,33.2710675334812,39.010560283480416,5.321960883895158,81.26977887782921,12969.729985962475,9604.395024659449,23033.999999999978
2025-03-19 14:46:48,37.46816734610935,40.505725252433905,5.5277065061963215,96.0114155517767,13158.668536696578,9415.45647201008,23034.000000000047
2025-03-19 14:46:51,33.2747094149488,39.041310267391715,5.326530765960433,81.3274070822378,12950.821672580567,9623.30333511073,23033.99999999998
2025-03-19 14:46:53,37.45032543976381,40.53514994528588,5.532132334673296,95.99107191041264,13135.724346602754,9438.40065925573,23034.000000000047
2025-03-19 14:46:56,33.34863411285489,39.06108466078843,5.32945575503776,81.38345589482036,12932.028375006219,9642.096634061854,23033.99999999998
2025-03-19 14:46:58,37.543984652292096,40.55370337341697,5.534953042417025,95.9867222349841,13112.93164492984,9461.193361154326,23034.00000000005
2025-03-19 14:47:01,33.368423544588104,39.093110405810435,5.33422393975019,81.43182776168554,12913.34988871619,9660.775123387633,23033.999999999985
2025-03-19 14:47:03,37.55366907213268,40.57442588012487,5.5380813424546576,96.00116961742901,13090.37293898906,9483.752067404492,23034.000000000047
2025-03-19 14:47:06,33.37173779734338,39.089320426653266,5.333590014104266,81.44088752560333,12897.672249821828,9676.452754785123,23033.999999999993
2025-03-19 14:47:08,37.524274601357746,40.56335592066965,5.536395077951178,95.93760286315418,13072.319962499663,9501.805042862454,23034.000000000047
2025-03-19 14:47:11,33.35908522850734,39.083918577928344,5.332705359541557,81.4624087205402,12883.045115501636,9691.079891675996,23033.999999999993
2025-03-19 14:47:13,37.49492235057767,40.5512175910297,5.534547745208785,95.944240769994,13054.518794358659,9519.60620982947,23034.000000000047
2025-03-19 14:47:16,33.34435695816256,39.07802791188161,5.331748517529945,81.51594710608329,12868.652058575297,9705.472946762424,23033.99999999999
2025-03-19 14:47:18,37.46351366969916,40.53910649592362,5.532713855315244,95.95866513963803,13037.335585515964,9536.789421176265,23034.000000000044
2025-03-19 14:47:21,33.32953724388695,39.0723540997336,5.330823023384508,81.5607402671929,12855.376834993436,9718.74816992272,23033.999999999996
2025-03-19 14:47:23,37.43172669534795,40.527186196326404,5.530897798928828,95.96502708178727,13021.680983248625,9552.44402085826,23034.000000000044
2025-03-19 14:47:26,33.31770955869103,39.0664571950797,5.329863767106879,81.60685242737152,12843.43942935124,9730.685575845177,23033.99999999999
2025-03-19 14:47:28,37.404695319670104,40.514999626284926,5.52905091812607,95.95919627850733,13007.598012039254,9566.526991443689,23034.00000000004
2025-03-19 14:47:31,33.30592549223558,39.060589661373584,5.328900526078817,81.65487788913873,12832.889267355458,9741.23573645538,23033.99999999999
2025-03-19 14:47:33,37.37414629555432,40.50290884522108,5.527210701731634,95.9235171475401,12995.192368574573,9578.932634731713,23034.00000000004
2025-03-19 14:47:36,33.29144135752806,39.05444228457807,5.327911604000635,81.70980364210835,12823.647693519744,9750.477311101515,23033.999999999993
2025-03-19 14:47:38,37.34277619174531,40.49064215423624,5.525345544329579,95.93155918958807,12984.283652489306,9589.841350094208,23034.00000000004
2025-03-19 14:47:41,33.27888673741848,39.04848864458633,5.326941747379872,81.74110081361283,12815.774847098934,9758.350155324279,23033.99999999999
2025-03-19 14:47:43,37.31503828320406,40.47860855368997,5.52351626346105,95.94574767100434,12975.200985160682,9598.924016760815,23034.00000000004
2025-03-19 14:47:46,33.271438856892175,39.04231703601641,5.325943029991482,81.79544225797417,12809.62089102486,9764.504111227265,23033.99999999998
2025-03-19 14:47:48,37.29470070531512,40.46663682193742,5.521702935261587,95.93273263690561,12968.202291535039,9605.922709930328,23034.000000000036
2025-03-19 14:47:51,33.265607827192206,39.03611670885202,5.324945129381808,81.84233252389413,12805.373851579321,9768.751149989426,23033.99999999998
2025-03-19 14:47:53,37.27304064021681,40.45451463614393,5.519840637238542,95.91006413982521,12963.422195335585,9610.702805755047,23034.000000000036
2025-03-19 14:47:56,33.26561825553755,39.029737716487354,5.323914978421491,81.89605332693039,12803.591572007652,9770.533427793427,23033.999999999978
2025-03-19 14:47:58,37.25996963993529,40.44222267493448,5.517954888177564,95.88333369351193,12962.639830155731,9611.48516931618,23034.000000000033
2025-03-19 14:48:01,33.26735247285521,39.02345531517608,5.322900177125447,81.94945738903209,12805.966069755974,9768.158928397248,23033.999999999978
2025-03-19 14:48:03,37.246943703932146,40.43005525155387,5.51611139810534,95.8975675594968,12965.793075959495,9608.33192296399,23034.000000000033
2025-03-19 14:48:06,33.26393772088279,39.01744521259418,5.3219256538628175,81.996339487785,12810.511830088177,9763.613167576961,23033.999999999975
2025-03-19 14:48:08,37.23083917390502,40.418228144057075,5.514294477454965,95.89993167182658,12971.32873796726,9602.796259936049,23034.000000000033
2025-03-19 14:48:11,33.26243529551072,39.01133092155083,5.320936569737415,82.04207120587714,12817.074584129376,9757.050412702141,23033.999999999975
2025-03-19 14:48:13,37.21385499855793,40.4063172973255,5.512478759735511,95.90770646003504,12979.145975433703,9594.979021236286,23034.000000000033
2025-03-19 14:48:16,33.25571286843007,39.00517952169182,5.319938806763046,82.09259255485266,12825.562399848226,9748.562595451329,23033.999999999978
2025-03-19 14:48:18,37.19148192945211,40.39436240309645,5.510671230297533,95.91109647076699,12989.175268909816,9584.949728097898,23034.00000000004
2025-03-19 14:48:21,33.25062653266143,38.99931096195444,5.318989365941951,82.13782297894892,12835.767013303843,9738.357981295941,23033.999999999978
2025-03-19 14:48:23,37.17819326024568,40.38280181000697,5.508906311734594,95.89943267827145,13001.212105391674,9572.91289098551,23034.000000000044
2025-03-19 14:48:26,33.24370596900154,38.99332457922522,5.3180104459203195,82.16300543486419,12847.673574329066,9726.451419189698,23033.99999999997
2025-03-19 14:48:28,37.1497025702519,40.371153387502616,5.507129237153903,95.91073358640321,13015.286728414056,9558.838267651621,23034.00000000005
2025-03-19 14:48:31,33.22943107127389,38.987487852639866,5.317061211331821,82.21471557674009,12861.292980119973,9712.83201094532,23033.999999999978
2025-03-19 14:48:33,37.12103057395274,40.359617304508625,5.5053777168650475,95.92058839862018,13031.353038723766,9542.77195677061,23034.00000000005
2025-03-19 14:48:36,33.21672935927291,38.981593259687315,5.316104539164936,82.26379724671598,12876.76514756636,9697.359844842276,23033.999999999978
2025-03-19 14:48:38,37.09147950301719,40.348087692974026,5.503627663496527,95.91626417477006,13049.480625209273,9524.644370220518,23034.000000000047
2025-03-19 14:48:41,33.2024028630461,38.97544354580325,5.31512481188377,82.31491011984907,12893.830605643754,9680.294386742004,23033.999999999978
2025-03-19 14:48:43,37.06196845208654,40.33626540126033,5.501841432497816,95.89635632925577,13069.496484883894,9504.628508290434,23034.00000000005
2025-03-19 14:48:46,33.18894952773339,38.969399844690294,5.314138556677808,82.35480466707989,12912.706993817503,9661.417997803786,23033.999999999978
2025-03-19 14:48:48,37.033748456401916,40.32476349488041,5.500092412478961,95.90417763277708,13091.571637533558,9482.553355819273,23034.000000000047
2025-03-19 14:48:51,33.177360600810125,38.96347021042691,5.313168012825644,82.39161337182779,12933.162921262716,9640.9620701339,23033.99999999997
2025-03-19 14:48:53,37.00609165613447,40.31335474104082,5.498349907456497,95.91782185316286,13115.471070464662,9458.653923393571,23034.000000000055
2025-03-19 14:48:56,33.16411464534617,38.95768886056204,5.312229611818955,82.43906480752071,12955.384355879894,9618.740633821619,23033.999999999967
2025-03-19 14:48:58,36.97848857077503,40.30207068792667,5.4966372434155435,95.9114603732979,13141.47896491751,9432.646025004477,23034.000000000055
2025-03-19 14:49:01,33.16203384969061,38.95188354570166,5.311289225069015,82.48909542054068,12980.373660280326,9593.751325828549,23033.99999999997
2025-03-19 14:49:03,36.963147777876564,40.290824597062716,5.494921562379891,95.92499205507056,13171.149605606503,9402.975385641852,23034.000000000055
2025-03-19 14:49:06,33.15192556265352,38.94616790845041,5.310357099539493,82.53884226269753,13006.808123953842,9567.316865186107,23033.99999999997
2025-03-19 14:49:08,36.94035895775543,40.27962156918074,5.493212653045075,95.91245999813252,13201.316010305716,9372.80898058179,23034.000000000062
2025-03-19 14:49:11,33.17251555794822,38.94220271084904,5.309706754678729,82.57292767380746,13033.408305358906,9540.716681836138,23033.99999999997
2025-03-19 14:49:13,36.98363320902495,40.27181737335967,5.492042084032784,95.89691361549338,13231.747447845859,9342.377544663055,23034.000000000065
2025-03-19 14:49:16,33.226528371117276,38.94000508919224,5.30932330997227,82.60753952939658,13060.30345756285,9513.821525838293,23033.99999999997
2025-03-19 14:49:18,37.0270072135419,40.26538365412614,5.4910714844379545,95.8918330343249,13262.323940422948,9311.801051158962,23034.000000000062
2025-03-19 14:49:21,33.31310729666084,38.942045178490126,5.309593340284713,82.64922785523578,13087.088052073092,9487.036934897711,23033.999999999975
2025-03-19 14:49:23,37.13905001280238,40.26752115636919,5.491398872281522,95.90526654170068,13292.744252375289,9281.380735564777,23034.000000000062
2025-03-19 14:49:26,33.41286340267743,38.94697722282396,5.310286315879204,82.67717576399997,13113.699822185057,9460.425165649965,23033.999999999975
2025-03-19 14:49:28,37.21625273779044,40.2659868407849,5.4911733095609,95.87021413061724,13322.923611883654,9251.201380102573,23034.00000000006
2025-03-19 14:49:31,33.44731150435806,38.951088978158175,5.310859202183344,82.69936626850286,13140.175190021968,9433.949797038802,23033.999999999975
2025-03-19 14:49:33,37.22945717297583,40.26625732931224,5.4912314519169545,95.87517914722248,13352.94214106122,9221.182846852897,23034.000000000055
2025-03-19 14:49:36,33.435307649473586,38.95433144981395,5.3113163259048175,82.74099316740619,13166.50792150589,9407.617069723488,23033.999999999978
2025-03-19 14:49:38,37.197672969101816,40.265782554243444,5.4911784439162785,95.87525663302604,13382.840592610532,9191.284397046313,23034.00000000005
2025-03-19 14:49:41,33.42236622918074,38.95751225618751,5.3117507303126255,82.78238098438284,13192.694072910972,9381.430917009362,23033.999999999975
2025-03-19 14:49:43,37.18443188604563,40.26546890828473,5.491130783953961,95.88851948772358,13412.372703230936,9161.752289262284,23034.000000000055
2025-03-19 14:49:46,33.42596839772902,38.96191523178351,5.312361595417403,82.83020772092547,13218.734689643858,9355.39029955334,23033.999999999975
2025-03-19 14:49:48,37.1594305339577,40.266867453777,5.491328041811618,95.89626074570538,13441.838048680484,9132.286940287235,23034.00000000005
2025-03-19 14:49:51,33.40923724195939,38.96669702202828,5.313027285715249,82.87415629993163,13244.631015160114,9329.493972908916,23033.999999999978
2025-03-19 14:49:53,37.128940914405405,40.26805498906722,5.491516761709574,95.90439069894803,13471.083985720614,9103.041007865622,23034.000000000047
2025-03-19 14:49:56,33.401010178980734,38.9712089045141,5.313674408573348,82.91898651097561,13270.384250324298,9303.740739865145,23033.999999999978
2025-03-19 14:49:58,37.10956310947471,40.2691152457901,5.491691387705115,95.91506872777727,13500.138009539884,9073.986983449988,23034.000000000047
2025-03-19 14:50:01,33.410027656584795,38.97558494387828,5.3142955614684295,82.96604279232797,13295.996258179768,9278.128733335538,23033.999999999978
2025-03-19 14:50:03,37.108788645793986,40.27004110751071,5.491840737442533,95.91422152727498,13529.000279802438,9045.124712253346,23034.000000000044
2025-03-19 14:50:06,33.394022014482594,38.98004749962786,5.314932324084428,83.01283808381555,13321.466200277557,9252.658790578203,23033.999999999985
2025-03-19 14:50:08,37.07844401405261,40.271088589373605,5.492014992326399,95.92719216838434,13557.693149562987,9016.431843973207,23034.000000000044
2025-03-19 14:50:11,33.37797001127653,38.984485727644646,5.315564001010932,83.04458610689116,13346.797309355868,9227.32768029187,23033.999999999978
2025-03-19 14:50:13,37.047953592207925,40.2721293355992,5.492176620088956,95.93943660166298,13586.201516536568,8987.923475045376,23034.000000000044
2025-03-19 14:50:16,33.36200425586765,38.98886784900208,5.316173385101878,83.09036491063057,13371.9899336792,9202.135056974746,23033.99999999998
2025-03-19 14:50:18,37.01824293255282,40.273029835066204,5.492318492261861,95.94958861139442,13614.53550332414,8959.589487977593,23034.00000000004
2025-03-19 14:50:21,33.34625139526067,38.993017125274946,5.316767126085197,83.13644019687058,13397.045307929524,9177.07968312508,23033.99999999998
2025-03-19 14:50:23,36.988798709192736,40.273876603413214,5.492451975575409,95.94180519029331,13642.67567431584,8931.449318275274,23034.000000000036
2025-03-19 14:50:26,33.329984009679755,38.997243480677774,5.317359768983847,83.1822650317021,13421.964483335132,9152.160508364464,23033.999999999978
2025-03-19 14:50:28,36.957858847628785,40.27464093586836,5.492582199919219,95.94799486851731,13670.669102794882,8903.45589050641,23034.000000000044
2025-03-19 14:50:31,33.316862813602,39.001424335141934,5.317956507595745,83.20184342830338,13446.748697899511,9127.3762923076,23033.99999999997
2025-03-19 14:50:33,36.93342205844266,40.27534501467806,5.492709115928411,95.93751616545696,13698.46447360573,8875.660517913737,23034.000000000044
2025-03-19 14:50:36,33.30329125810039,39.00547452158664,5.3185290990580345,83.24021403019073,13471.398746155186,9102.726244748894,23033.999999999975
2025-03-19 14:50:38,36.90774162749594,40.27591259857007,5.492808392000444,95.94431839106939,13726.07755460817,8848.04743867161,23034.00000000004
2025-03-19 14:50:41,33.289135877105075,39.00925593047873,5.319066519929488,83.28538869220625,13495.916057135075,9078.208934209193,23033.999999999978
2025-03-19 14:50:43,36.87715341870967,40.27629813372135,5.492883578587937,95.94877491230416,13753.546955947593,8820.57803671155,23034.000000000044
2025-03-19 14:50:46,33.27208439043522,39.01299450635973,5.31959706077926,83.33032063473186,13520.30163898758,9053.823353716416,23033.999999999975
2025-03-19 14:50:48,36.846047422200776,40.276681118621106,5.492955257174429,95.93853835386237,13780.834653418691,8793.290339454466,23034.00000000004
2025-03-19 14:50:51,33.256464844007205,39.01671300299009,5.320125580186745,83.35679363564799,13544.55624927573,9029.568741769255,23033.999999999978
2025-03-19 14:50:53,36.81702532942715,40.27706177815912,5.493030131186618,95.95107523583843,13807.95666813005,8766.168323705677,23034.000000000036
2025-03-19 14:50:56,33.23988463654989,39.02041164103058,5.320650947148385,83.39541397701996,13568.68133984516,9005.443650049412,23033.999999999978
2025-03-19 14:50:58,36.78662753876772,40.27744001215471,5.493101601488391,95.96353222933293,13834.905862807753,8739.219130958903,23034.000000000036
2025-03-19 14:51:01,33.22661722151577,39.02417455590204,5.321180193583791,83.42276911994985,13592.677603659708,8981.447386671633,23033.999999999975
2025-03-19 14:51:03,36.76149690199873,40.27800743180645,5.493185804658726,95.96050038276559,13861.70151187487,8712.423478832385,23034.00000000004
2025-03-19 14:51:06,33.209838392099144,39.02809963127972,5.321711300022812,83.45872503337945,13616.546359529082,8957.578631662942,23033.999999999978
2025-03-19 14:51:08,36.73138026861751,40.27868642057886,5.493270841179794,95.96662138887136,13888.328595218494,8685.796393634622,23034.000000000033
2025-03-19 14:51:11,33.19435297029876,39.03200387565172,5.322245536901038,83.50260105101201,13640.288432266325,8933.836561198224,23033.999999999975
2025-03-19 14:51:13,36.7033135660322,40.27936114493094,5.493365718428526,95.9789180501517,13914.788431313613,8659.336558715266,23034.00000000003
2025-03-19 14:51:16,33.17804871651044,39.03588747176027,5.322782683627919,83.54624511564766,13663.904963506571,8910.2200264076,23033.999999999978
2025-03-19 14:51:18,36.67361561911828,40.280011300322236,5.493461881900081,95.98351439466582,13941.088755275076,8633.036238012997,23034.00000000003
2025-03-19 14:51:21,33.16200366086426,39.03956200494976,5.323305466710951,83.58965843984579,13687.396662785912,8886.728328727784,23033.999999999975
2025-03-19 14:51:23,36.644412331740845,40.28044194906422,5.493540687994678,95.9815749851823,13967.198012295883,8606.926981553961,23034.000000000025
2025-03-19 14:51:26,33.151682399783844,39.03817275732721,5.323051495629821,83.62547188438361,13706.01378320525,8868.111222771056,23033.999999999978
2025-03-19 14:51:28,36.62419713159858,40.25325695347733,5.489480369480219,95.98857935053513,13973.093036453318,8601.03196834126,23034.000000000025
2025-03-19 14:51:31,33.13690668728996,39.00260981959985,5.317718886515635,83.66848557323577,13687.936154061154,8886.188853288964,23033.999999999975
2025-03-19 14:51:33,36.59428612619481,40.20882869559575,5.482867795772651,95.99955335813503,13951.564669333879,8622.560337836203,23034.000000000025
2025-03-19 14:51:36,33.11852378396893,38.96729229588087,5.312425464830291,83.70596453704185,13669.983285344126,8904.14172178841,23033.999999999975
2025-03-19 14:51:38,36.56265267437509,40.16465239545353,5.476294383233177,96.01156823918875,13930.15840656631,8643.966599498122,23034.000000000025
2025-03-19 14:51:41,33.1034452346361,38.93215955257302,5.307159755676094,83.74850771180918,13652.109154618927,8922.015853834859,23033.99999999997
2025-03-19 14:51:43,36.54081985397328,40.12085587190386,5.469769275980519,96.02351417535826,13908.874983103122,8665.250022835962,23034.000000000025
2025-03-19 14:51:46,33.09096257242981,38.89744015721167,5.301938888993411,83.78458518267753,13634.328014167742,8939.79699175565,23033.99999999997
2025-03-19 14:51:48,36.511008925461255,40.07752137282059,5.463300467789491,96.0216487425113,13887.732195209092,8686.392809893368,23034.000000000022
